sample_id,itac,mig,ip_10,ifng,il_17,il_1a,il_1b,mip_1a,mip_1b,mip_3a,il_6,tnfa,il_23
P001_week_18,1.92273035399868,3.05870807971728,3.65625398306513,3.11522343544992,0.3662109375,14.0072492288376,18.9302119939214,19.841970684109,8.77173439453078,12.6698700368386,6.7022454605375,5.58120346565549,3.96728515625
P001_week_24,2.3292804049478,24.4129995590832,16.0068992545509,0.30517578125,0.3662109375,28.3024926366485,0.244140625,1.45687870430357,0.457763671875,0.30517578125,0.224979700034086,0.213623046875,3.96728515625
P001_week_34,1.50824238802852,14.1096956360178,4.04576912327971,1.46787925848162,0.3662109375,26.2010720771598,0.244140625,0.152587890625,0.457763671875,0.30517578125,0.091552734375,0.213623046875,3.96728515625
P002_week_18,0.732421875,3.18710210834142,2.49841655326348,2.94954402415771,0.3662109375,12.9281515773381,0.748231198788124,2.91216446972549,0.457763671875,3.18584623299793,0.091552734375,0.213623046875,3.96728515625
P002_week_24,0.732421875,5.68198207869323,1.37631581610635,0.850447404681061,0.3662109375,0.30517578125,0.244140625,4.20448257980616,0.457763671875,2.9676970770569,0.091552734375,0.213623046875,3.96728515625
P002_week_34,0.732421875,3.2893111832819,0.77150986292564006,0.850447404681061,0.3662109375,9.96021393066923,0.50312391315042,1.76134504645132,0.457763671875,0.30517578125,0.091552734375,0.213623046875,3.96728515625
P003_week_18,5.80231892632496,990.393247354838,42.1365424320881,0.30517578125,7.08014346980121,87.2156781714129,3.04536451391375,5.43299444538131,1.31741513919061,2.25215366013478,0.091552734375,0.731977018202715,3.96728515625
P003_week_24,0.732421875,3.51692529555352,1.458755884579,0.30517578125,0.3662109375,784.073412548895,2.32503619608918,0.152587890625,0.457763671875,0.30517578125,0.091552734375,0.213623046875,19.3487927381915
P003_week_34,0.732421875,5.081968277793,0.915364850039015,6.79631622814087,0.3662109375,35.336577766973,0.244140625,2.4356354936353,0.457763671875,0.30517578125,0.091552734375,0.213623046875,12.0765672661068
P004_week_18,8.97288933164871,3403.90864542855,203.181322703354,4.23785206139698,0.3662109375,314.169982805358,1.1624321482474,6.86077153669956,2.04467164370665,122.788723938248,1.99873417528117,0.213623046875,16.8922640948054
P004_week_24,3.26246394973783,26.073174442061,22.3056336378599,4.13995304180451,1.39358481956927,165.740171445912,49.371300055667,2.88384577137012,2.32031688807004,87.7730151670904,4.32367607079945,0.532773018199702,9.77114870723057
P004_week_34,6.59442034492799,12500,2500,2.79947330774294,6.9454138414084,248.906160762524,6.82991358045035,7.06495216437551,3.60623868720736,5.85438901427191,0.857622008618903,0.67837381578931,24.3644184609144
P005_week_18,0.732421875,1.52587890625,0.30517578125,0.30517578125,0.3662109375,52.7956491770963,0.244140625,0.152587890625,0.457763671875,0.30517578125,0.091552734375,0.213623046875,21.2394896651819
P005_week_24,0.732421875,4.65362867354604,2.66552150377772,0.30517578125,0.3662109375,599.442633327658,16.5585448781146,3.12719143056292,1.57892874464154,0.30517578125,0.38438541032785,0.562298586713253,3.96728515625
P005_week_34,0.732421875,64.6720637999953,10.1433240810951,0.837990280803483,0.3662109375,13.300961867047,0.244140625,1.3297756543614,0.457763671875,0.30517578125,0.091552734375,0.213623046875,9.9893591139591
P006_week_18,4.57620534257634,113.151451213558,22.8392863382649,1.59792973975625,3.94652483958326,286.533183383234,1.58370923888658,2.49254660595047,0.457763671875,0.30517578125,0.091552734375,0.731977018202715,3.96728515625
P006_week_24,12.8759522960386,712.269124908161,184.747199251211,5.63894268597051,0.3662109375,21.8941583720611,0.244140625,5.63649663008125,0.457763671875,7.03493267511607,0.48592579931274,0.213623046875,22.7024570707293
P006_week_34,0.732421875,82.7623721399431,29.0449932526536,1.01376635649339,0.3662109375,116.1783609451,0.244140625,4.59961530792738,0.457763671875,0.30517578125,0.091552734375,0.213623046875,3.96728515625
P007_week_18,3.06972891345951,59.0145108198918,15.9807446756017,0.30517578125,5.64294922341998,5.76488502171873,6.06301032682618,3.95872648466146,0.457763671875,0.30517578125,1.21432014464239,0.213623046875,3.96728515625
P007_week_24,0.732421875,4.78974270755966,7.54822939583632,0.30517578125,1.7941572982674,420.204513269392,5.40921794946262,0.152587890625,0.457763671875,1.9814729211703,0.271835130366022,1.78290821472115,17.0427967641201
P007_week_34,1.60358799730212,699.848041381953,135.370210082189,0.927880006516387,0.3662109375,25.7962705453878,0.244140625,0.152587890625,0.457763671875,2.48224937067771,0.091552734375,0.213623046875,3.96728515625
P008_week_18,0.732421875,58.4136049696565,7.58659949568289,0.30517578125,0.3662109375,21.0113202485404,0.244140625,0.152587890625,0.457763671875,0.30517578125,0.492922119943205,0.213623046875,3.96728515625
P008_week_24,2.15344904918335,39.4108585509549,20.479154575589,1.01376635649339,0.3662109375,22.7147056145727,0.244140625,4.59961530792738,0.457763671875,3.02137785162587,0.203670035147985,0.213623046875,3.96728515625
P008_week_34,0.732421875,6.33042246035775,3.76416277789907,0.30517578125,0.3662109375,4.13543189560394,0.244140625,3.39495250298721,0.457763671875,1.4169916189455,0.25279791454116,0.213623046875,3.96728515625
P009_week_18,2.83305623475597,142.466024877054,23.4747330602574,4.77720703808264,1.14478955745466,21.485424448169,0.684934480134601,2.78380569834773,3.54555205850583,5.37644276116345,0.091552734375,0.213623046875,3.96728515625
P009_week_24,4.63372431064393,218.372892451674,79.2969720045079,2.97032807586089,2.39117845097688,51.1323777651712,0.678382219473537,1.23167270937182,2.65391743877189,3.84099694770364,0.261411691847817,0.504451633065714,21.4910996390775
P009_week_34,0.732421875,585.794283914498,53.1971223690131,2.87739659247773,2.45900305896906,46.472727122066,10.7018527061653,3.35846445430225,7.32052437936324,12.339037728662,2.24823820208355,0.814750216862082,26.3284936479107
P010_week_18,0.732421875,1.52587890625,1.20250962732368,2.51798459712608,0.3662109375,14.0224337599837,6.95383412289847,3.27646289928459,0.457763671875,0.30517578125,0.091552734375,0.213623046875,3.96728515625
P010_week_24,4.04570279742789,170.590081133716,56.4397447262974,0.850447404681061,0.3662109375,64.1019366710366,2.18460158412309,7.02802490937844,5.93354410962502,16.7708840564926,3.53895473784856,0.213623046875,13.3840304262173
P010_week_34,7.99120752146333,441.672720029845,72.5904352845972,1.80661534114234,2.86191662189618,55.7798634403421,1.64039525973622,6.79642463845261,1.39585522591037,3.02137785162587,0.581172506156646,0.213623046875,19.8638615374889
P011_week_18,5.01132883849961,96.4506161924541,37.5315533221628,0.30517578125,0.3662109375,66.9262365927945,6.15913563909478,4.22652796422623,0.457763671875,7.14565277871615,1.34693154985469,0.213623046875,19.4766553490294
P011_week_24,3.03509078327778,44.5887265406129,17.0656837997304,0.30517578125,0.3662109375,51.2959653442661,1.53946417521444,6.01442595793509,0.457763671875,4.31420234727716,0.315980381414693,0.213623046875,3.96728515625
P011_week_34,0.732421875,8.41670595700838,5.10941409051915,0.30517578125,0.3662109375,737.076326952682,13.7259028458901,2.52780524482754,1.97412055257062,2.29181863972465,1.00030234998078,0.76915723711299,7.94303914906547
P012_week_18,0.732421875,410.670971532538,58.3882790583163,2.98006726385476,7.12635888476241,722.234822167886,20.2110460388015,4.0276533178892,3.15892541901989,10.1921550530118,0.930862649479657,11.54045821265,36.6140644790936
P012_week_24,9.13168933951228,12500,1110.26761184878,26.0609214872667,15.0843145896518,288.565634591712,122.668260413639,18.8202971344702,16.000579082837,34.6322148933719,2.23231132202282,5.01770842749697,22.7024570707293
P012_week_34,4.38545148025644,3659.82427511417,338.580342422884,10.3943614225168,8.66261323445021,356.598993011717,138.875779287601,4.17955754971912,7.57181638232554,21.0692159718814,2.81865445236503,9.15432528298821,35.9964501067979
P013_week_18,0.732421875,89.693983089001,10.6973689288887,0.30517578125,3.22014208422353,6.54980816364472,2.09986919127288,16.6543269341017,11.1666055252166,52.9923175432924,19.6357965805978,1.64644353574923,3.96728515625
P013_week_24,0.732421875,3.68647159914305,3.01535626830564,0.30517578125,0.3662109375,3.71050126313613,1.02775940020514,9.28094999207041,3.86010830484441,20.9321338526634,3.58882061719229,0.697944341833507,12.9000907482372
P013_week_34,20.4888845202764,12500,1171.74562963878,1.06892328553575,3.4493982494944,415.333551671407,258.626401415712,176.088276250774,73.2664548933415,926.07157676793,59.3699242273243,10.7564633022726,24.0307278096439
P014_week_18,0.732421875,1.52587890625,1.62429093434778,0.30517578125,0.3662109375,14.6331415345709,3.99823894844923,0.152587890625,0.457763671875,1.38326720924518,1.34585461042951,0.213623046875,3.96728515625
P014_week_24,0.732421875,1.52587890625,2.01329921999084,0.30517578125,0.3662109375,15.5504953830731,3.90849293470894,0.152587890625,0.457763671875,0.30517578125,8.44647839774394,0.213623046875,8.24096126737943
P014_week_34,0.732421875,56.2657451404011,22.9050136326487,0.30517578125,2.04478850027418,5.4964044089277,0.244140625,1.31741132203871,0.457763671875,0.788214897658398,5.30801678066958,0.213623046875,19.3487927381915
P015_week_18,27.5136580129684,1406.48666518116,119.174574120733,2.18512597863457,4.69626370332097,370.898791022863,66.4121988950966,33.8038364360066,21.7407976692131,96.0341580886222,44.2054606812382,8.36012329660855,35.5386588510172
P015_week_24,14.8181091367919,3062.74708732701,309.238161470876,9.92239065682531,8.7205609806085,682.773097719987,49.100129067215,7.88705888846117,8.43685334981164,82.9038691132791,10.0892567758614,11.474988155474,42.7500956339148
P015_week_34,10.1577920010244,1301.7934505109,227.046794635913,9.92239065682531,19.0017422949313,301.363097937491,53.4281388029069,200.744643491845,82.952793382785,274.211607148315,25.4653650701187,50.077752515273,3.96728515625
P016_week_18,0.732421875,1.52587890625,1.07162784515314,0.30517578125,0.3662109375,436.15882082733,4.15054445431352,0.848338031584733,0.457763671875,1.23796449239931,0.091552734375,0.213623046875,3.96728515625
P016_week_24,0.732421875,9.64985489041122,1.84877190994141,1.59148292706111,0.3662109375,3.66924117045264,0.244140625,0.38318425592241,1.1451764613712,2.64806885991389,1.93734107566731,0.213623046875,3.96728515625
P016_week_34,2.10711127474796,1.52587890625,1.50344614675545,0.30517578125,1.011489845857,68.4581903533197,12.9601748244982,2.71425908927497,0.457763671875,0.30517578125,0.091552734375,0.213623046875,3.96728515625
P017_week_18,1.586825142803,1524.19861782605,128.571943571749,0.30517578125,0.3662109375,55.489734106891,0.244140625,0.152587890625,0.457763671875,0.30517578125,0.091552734375,0.213623046875,3.96728515625
P017_week_24,0.732421875,2192.42019699751,179.683663058951,1.53463853023766,0.3662109375,12.089771380766,0.244140625,0.152587890625,0.457763671875,1.49598857459345,0.091552734375,0.213623046875,15.3169544996149
P017_week_34,9.7718074563461,12500,140.558907624595,0.30517578125,1.86884630033506,137.39456186822,0.244140625,5.46999296736876,1.16740614702589,1.4169916189455,0.091552734375,0.213623046875,27.6157109021363
P018_week_18,1.49677526000841,962.267327077146,97.4098201287578,0.30517578125,0.3662109375,137.204107706153,4.66130373095175,2.88384577137012,2.25285598609725,1.49598857459345,0.091552734375,2.30111777151407,3.96728515625
P018_week_24,0.732421875,186.655163363805,61.4756397944413,2.54516029785105,0.3662109375,10.7237421390213,0.244140625,0.345891562068378,0.457763671875,0.710030402459245,0.091552734375,0.213623046875,3.96728515625
P018_week_34,0.732421875,15.0032267734318,2.4737145277429,1.53463853023766,0.3662109375,728.849635579687,10.6685473340879,0.152587890625,0.457763671875,2.30351985996794,0.091552734375,0.213623046875,3.96728515625
P019_week_18,2.05903350742789,15.2965813941318,27.2633763835851,0.30517578125,0.3662109375,17.8087301519922,33.677509562875,4.93450538086423,4.66135861928811,17.0435132067216,15.0081400897696,1.78550921702116,24.6920476535839
P019_week_24,2.36597342855444,8.88168988992578,4.7411922352845,4.59798141591844,0.3662109375,272.93447546491,9.64937620079244,5.76269891018344,2.6928490359651,5.75244042282996,1.21752157561878,0.213623046875,3.96728515625
P019_week_34,3.54700666500485,96.6949700710709,211.621742323525,3.28253775390582,4.08688989781103,62.5871580855255,166.185557249714,20.05471115013,14.4601571719667,72.6264206536442,48.5950830656226,3.64407990873042,52.6222749303932
P020_week_18,3.77332139918683,929.474007508291,165.951255441599,0.30517578125,0.3662109375,45.4802584984133,0.244140625,3.40358865179417,5.83710172269478,5.53476901820689,0.235465237393969,0.213623046875,10.8967599983937
P020_week_24,4.23618783918313,12500,153.765019731348,4.39677148877474,18.2397787840774,1035.05513814572,63.1062973161027,10.6025564137291,17.5343196028389,80.0544150317876,5.05452429239699,37.7041977195776,74.4652634053844
P020_week_34,2.12966839778829,332.293619243629,67.1759853701438,0.30517578125,0.3662109375,15.7248434474505,0.244140625,0.152587890625,3.7462769684539,3.62461106365082,0.091552734375,0.213623046875,3.96728515625
P021_week_18,3.38538066918577,9.67936836942834,6.50127632359129,0.30517578125,0.3662109375,13.7719708143811,15.3288216883342,9.74266215093946,11.3316666078547,17.0435132067216,1.12908537478315,3.01941160861512,3.96728515625
P021_week_24,2.21484112705316,18.6464956147511,6.94783371918347,0.30517578125,0.3662109375,181.590979880915,17.5575738395441,7.64776853176123,2.33594922507805,0.788214897658398,0.091552734375,3.58457743226825,39.4312707890165
P021_week_34,0.732421875,308.232577853397,21.1390588590543,0.30517578125,2.02158318532202,48.4992563334546,6.62123942249291,6.87461602889535,4.97446944343188,8.71545994078847,5.6101313112675,0.55832079730694,12.9000907482372
P022_week_18,4.15109464530133,7759.75462852571,179.109206838265,1.52194279692344,0.3662109375,291.555937292567,1.39754222842401,5.15438597126949,0.457763671875,0.30517578125,0.091552734375,0.213623046875,3.96728515625
P022_week_24,3.44200509742207,1633.09720190132,120.471753894537,3.61788158329659,0.3662109375,56.602288565626,0.502073749153395,0.152587890625,0.457763671875,1.76119437837537,0.091552734375,0.213623046875,3.96728515625
P022_week_34,23.3245146214658,12500,2500,7.48749967178371,10.7371303577356,935.03831239349,370.907021276992,7.77539065919797,5.30438832865955,9.14950459983068,0.805226279586834,0.696788625967723,23.6830866108982
P023_week_18,2.41334303611801,350.978938903686,39.6409738437421,0.30517578125,0.3662109375,132.816297850786,0.491080719855933,1.34234054275018,0.457763671875,3.82929943721736,2.3533238909964,0.213623046875,7.94303914906547
P023_week_24,7.48871624745171,82.5049364513798,41.2677593918053,2.9194735678319,6.43211841014556,82.6505725039614,18.9960664246585,29.4453424292686,22.0367400115776,66.7923745184088,11.7332657582284,22.215940934802,93.9486305464753
P023_week_34,0.732421875,93.5421793144053,32.3353020285711,4.77720703808264,0.883066840175227,26.7943960137179,0.244140625,1.7253470058394,1.92336822571811,6.40854073820796,0.274240551399241,0.213623046875,3.96728515625
P024_week_18,2.19453070405419,121.084957051434,15.0130733570709,0.30517578125,0.3662109375,15.6621219365229,0.244140625,3.6501268924872,0.457763671875,4.5369065746487,0.091552734375,0.213623046875,3.96728515625
P024_week_24,2.59673430523646,67.7936252508331,12.4064730924753,0.30517578125,0.3662109375,874.234997974045,5.07084402322375,0.913781969137854,0.457763671875,0.30517578125,0.183424306515818,0.213623046875,3.96728515625
P024_week_34,4.91728279253447,472.455435496493,39.0749921282205,7.11076642976597,6.86786344238219,747.22046641699,878.786671961698,37.114297804828,17.1258008542052,83.2987836700172,33.4119769456537,94.6661259675809,81.2610204597304
P025_week_18,2.08174712014687,29.1555013079802,5.30185107599367,1.59792973975625,5.64294922341998,606.458068746128,109.158237411538,7.72394591429997,2.15325589081685,9.70648311889053,3.06807092926849,1.91508144932557,46.9472692462558
P025_week_24,5.19774926274168,22.4580261339637,7.4933656426915,4.15521347175028,3.7963856686933,56.1264778046223,63.2424828315898,10.0612658467979,4.38502690078339,3.02137785162587,9.44502621041992,2.60470085349216,16.0683477090796
P025_week_34,5.5018438161366,343.667468001541,49.7974852764572,6.47597007918712,0.3662109375,29.5570537236446,8.24232727343811,4.6096172625557,2.19111817176074,11.5897315063859,5.87924122423929,0.560324039312528,3.96728515625
P026_week_18,4.02414375207696,249.2459993811,62.4164927169769,1.77049062591305,0.3662109375,6.74786771868507,0.244140625,2.96262653052079,0.457763671875,2.96000802603877,0.091552734375,0.213623046875,3.96728515625
P026_week_24,0.732421875,1.52587890625,2.50839226059273,1.07468159301956,0.3662109375,950.34662158225,17.7378821863525,0.152587890625,0.457763671875,2.13334857253377,0.331983029555726,1.03820332105806,10.8078886096037
P026_week_34,0.732421875,1.52587890625,1.59841622981095,0.844372914798047,0.3662109375,257.628311658956,3.51615270679453,0.152587890625,0.457763671875,1.76119437837537,0.091552734375,0.213623046875,13.9717731790913
P027_week_18,0.732421875,10.3443662124879,9.40838362025024,0.30517578125,0.3662109375,2.00064429984369,0.244140625,0.152587890625,0.457763671875,1.38326720924518,0.091552734375,0.213623046875,3.96728515625
P027_week_24,11.1455257680085,1277.59574502603,93.9173435459059,0.30517578125,2.97469798344549,43.340615862483,2.25518144859166,3.7336747808937,4.12022037636288,2.13639652465204,0.444156444496547,0.213623046875,3.96728515625
P027_week_34,1.9692885359604,203.498570500578,54.734916340842,0.30517578125,1.57169032165709,22.1414038383857,2.37927560743651,3.24570804405159,0.457763671875,2.13639652465204,0.433752558303882,0.213623046875,3.96728515625
P028_week_18,1.54448819072273,26.0157446356048,4.49350418146505,0.30517578125,2.13254695154686,296.095347329117,5.37966708261917,3.7336747808937,0.457763671875,0.30517578125,0.992709672621599,1.99517707720367,3.96728515625
P028_week_24,0.732421875,14.3037993754888,5.84534283082644,1.30020887574323,0.3662109375,225.267836538848,2.23829282156256,0.848367692913729,0.457763671875,0.30517578125,0.191793820213777,0.213623046875,12.3681778918118
P028_week_34,1.64634128661752,106.826987672224,36.8480011117961,0.30517578125,0.3662109375,100.82114493168,3.56825763467783,0.152587890625,0.457763671875,1.76119437837537,0.091552734375,0.213623046875,3.96728515625
P029_week_18,0.732421875,53.3881539920816,21.8000866228419,0.30517578125,0.3662109375,125.023933642766,4.09940118149032,3.71837412760585,1.18716078837457,8.50608385821261,2.82745087031448,0.213623046875,3.96728515625
P029_week_24,0.732421875,285.520085383528,33.239393194034,3.28253775390582,0.3662109375,175.567930872645,0.244140625,4.86135284239663,0.457763671875,2.17890094236561,0.091552734375,0.213623046875,3.96728515625
P029_week_34,1.74888931227664,160.613112683182,11.4177330840457,3.28253775390582,0.3662109375,59.5918087430167,1.4211407939256,7.20807946510548,1.39703900320358,6.55061374593831,1.45003911491502,0.432555176059718,3.96728515625
P030_week_18,0.732421875,6.90781135148738,4.41210883458446,6.53178310295641,4.71950445627758,635.629638355,133.502312907629,2.36901902577298,1.08951730451155,1.49598857459345,0.42220798517094,5.83079369647951,3.96728515625
P030_week_24,2.20843436437317,290.770637596631,5.35968890584316,2.77246614678663,2.00938892704471,207.249867873621,201.437256037211,99.2189458827878,77.0409308298387,8.51892795859116,35.5984174067425,3.28387951614106,32.2019623305489
P030_week_34,5.48633739446558,180.401284046927,29.4498295498667,0.30517578125,1.29368107953973,12.7203334445177,1.0979453604371,4.49754615281962,1.56314594015794,23.3941284557922,2.35341923187556,0.213623046875,23.6830866108982
P031_week_18,0.732421875,57.2105964879001,8.74826771362721,2.38642881926759,0.3662109375,39.1023500118387,7.62574745962129,3.4996002705878,1.39125096970645,2.29181863972465,2.53445272892447,1.35772679060148,34.0918209254621
P031_week_24,6.30064330480821,1822.8247005634,114.823412526389,71.1930338510843,5.6181193079168,300.689800913357,877.344804450156,56.0594475455134,26.0017111114407,13.2839057721755,36.5229847567023,12.2259875302074,76.7243680311244
P031_week_34,4.85671666605686,1258.97954247227,113.705170431016,6.46820194453482,3.93961122456034,477.100083413069,134.447802449249,21.199302846841,12.2906874488748,9.88551178919307,26.0151516108072,13.7034104548391,21.2394896651819
P032_week_18,2.61681947641331,85.1346648139308,11.9772685500654,4.54014932716024,0.3662109375,10.1760146207526,0.244140625,6.74535158213926,1.04706977059205,15.4769770841706,0.45789738262301,0.213623046875,39.4312707890165
P032_week_24,0.732421875,41.0581988457605,17.6705246764772,0.30517578125,0.3662109375,20.6800971278675,0.244140625,1.73464947742169,0.457763671875,7.35651713614367,0.091552734375,0.213623046875,7.94303914906547
P032_week_34,3.06972891345951,42.8876738926936,8.24507802062981,1.59792973975625,5.64294922341998,8.40539676701708,0.640435096582895,1.83389362399454,0.457763671875,26.4709830905043,0.644942861390073,0.213623046875,3.96728515625
P033_week_18,2.64692435456663,43.4404148412382,8.08312533290482,0.30517578125,1.11859963180192,80.6586462663471,4.03586853668324,4.81573822260772,3.23869851382018,4.70647707000409,191.057572140298,2.04459405406017,3.96728515625
P033_week_24,2.12966839778829,27.8592815534722,6.97728340076508,0.30517578125,0.3662109375,202.164355687761,4.56990391562523,3.64982888421897,0.457763671875,1.00026771805003,0.091552734375,2.46527495839764,3.96728515625
P033_week_34,0.732421875,12.7473261462041,3.01778422643376,0.30517578125,1.0422912073944,84.1824600179593,0.922557970931917,4.6351140782562,1.15058525308498,8.41097577997727,1.1930029123287,0.560431757698662,3.96728515625
P034_week_18,1.78666546296145,83.9546723846683,17.9104057294189,0.30517578125,0.3662109375,15.0707713589558,0.244140625,4.92550795085651,0.457763671875,0.788214897658398,0.091552734375,0.213623046875,3.96728515625
P034_week_24,2.0255678190245,88.5779933888863,36.4614531751835,4.77720703808264,1.63221125863137,21.8941583720611,0.244140625,2.78380569834773,0.457763671875,7.9085339964911,0.400988738070675,0.213623046875,22.7024570707293
P034_week_34,0.732421875,28.5258862097705,19.2387290227949,0.30517578125,1.0422912073944,8.21460254179041,0.244140625,2.99237483023351,0.457763671875,2.2514776160789,0.265767538280912,0.213623046875,3.96728515625
P035_week_18,0.732421875,1.52587890625,1.37374632453698,1.07468159301956,0.3662109375,104.349856301217,2.17108957084408,0.152587890625,0.457763671875,0.30517578125,0.206536129500178,0.213623046875,10.8078886096037
P035_week_24,0.732421875,1.52587890625,1.40520353050943,0.30517578125,1.5638600658954,86.8859422438803,1.24634067533141,2.2674489743641,0.990960532682405,2.74294885236709,0.185449892701193,0.213623046875,3.96728515625
P035_week_34,0.732421875,1.52587890625,0.30517578125,0.30517578125,0.3662109375,6.26854469769243,0.244140625,1.57190144891107,0.457763671875,0.30517578125,0.091552734375,0.213623046875,3.96728515625
P036_week_18,4.36198810386747,101.483572408288,15.8809487541555,2.87739659247773,3.5719093967436,125.836981595896,85.00050606511,6.27206325706978,3.60886877859552,43.0800044468483,14.8853976680631,3.48880181958288,37.2842255921483
P036_week_24,0.732421875,10.8332027177467,11.9618790536388,1.46814650242289,1.7941572982674,53.1942744158363,15.3842198109789,2.91545774757802,3.10565619534078,47.7486610317749,39.4529069936116,1.57741913456658,3.96728515625
P036_week_34,0.732421875,4.40010684948795,2.76239861935241,0.717288307961784,1.11859963180192,60.3577632287413,21.3973396294109,3.27512661201484,0.457763671875,7.298784651952,2.3213358102587,0.963599708325088,29.6268568333375
P037_week_18,0.732421875,335.54149243644,86.8063928662575,2.94954402415771,0.3662109375,32.1250101689,9.5984921829109,3.7211743717913,3.23469110409147,2.58797685222358,0.429622040379444,3.19514346661361,3.96728515625
P037_week_24,42.110517589171,12500,2500,25.0929284489853,13.9139533522876,488.127432756811,494.850594166876,11.2241828101435,10.1007502229523,18.5688685841419,2.59490945808073,10.2033325319566,26.2618851294356
P037_week_34,24.5457209642683,12500,1916.86442578204,18.5546742813619,19.3164197316476,1263.34753979461,1247.13920332674,15.0067170242379,6.56919765283418,7.42362629453041,2.24627641783211,9.60141694464177,64.222419987389
P038_week_18,0.732421875,5.61157096396249,2.96109228435453,0.30517578125,0.3662109375,30.3457368714974,3.01962491101884,1.27202616471272,0.457763671875,1.76119437837537,0.091552734375,0.213623046875,17.2976006861319
P038_week_24,1.74888931227664,10.9239170574399,5.75098269304729,5.80485461842401,4.92601090765669,270.279231727618,42.3115281696633,11.9277148172918,6.38134581070651,4.30029932602941,0.458936310636875,1.29618802328863,3.96728515625
P038_week_34,2.90437984506885,14.6899642666671,5.48945193564114,6.53802771957709,1.011489845857,142.26562646259,53.051733243143,8.7570158043415,12.4528621328678,10.3180466558382,6.4452370225784,2.61915813824612,16.8922640948054
P039_week_18,6.40650408127934,1870.5262739225,167.012741253571,14.0473655362679,2.74706274291719,186.210915913966,23.6040429126351,4.22652796422623,2.56097730770247,5.52587583216883,0.091552734375,2.17253382121149,32.2019623305489
P039_week_24,32.31069141148,12500,2500,152.587100349152,19.9725942941086,2178.35386212502,777.351928021164,11.405103456011,11.3004043649203,9.93413738117548,4.75301719571471,44.9588052575482,147.564887499186
P039_week_34,30.0891918648946,12500,2500,4.13995304180451,2.82550550355998,71.7460991120871,1.43538932039772,2.75945353881182,3.68131455345591,2.30351985996794,0.091552734375,0.213623046875,3.96728515625
P040_week_18,0.732421875,54.1455728100183,16.2870320322448,0.30517578125,1.29368107953973,23.1450952525799,0.244140625,1.73351102724764,0.457763671875,2.32579466123939,0.805226279586834,0.213623046875,3.96728515625
P040_week_24,1.54448819072273,200.384301075585,40.6907808562951,0.30517578125,0.3662109375,129.652124010815,0.244140625,3.7336747808937,0.457763671875,3.86901951353832,0.091552734375,0.213623046875,3.96728515625
P040_week_34,0.732421875,86.8828945847779,27.8920967330294,0.30517578125,0.3662109375,40.9083474645838,0.244140625,4.61962249151299,0.457763671875,0.30517578125,0.091552734375,0.213623046875,3.96728515625
P041_week_18,0.732421875,36.2200778177358,15.5777155006189,0.30517578125,0.3662109375,8.78082588346223,0.244140625,0.152587890625,0.457763671875,2.32071179152459,0.091552734375,0.213623046875,10.0135760590164
P041_week_24,2.10722091346566,487.076220980259,49.5253067659806,1.53463853023766,1.39358481956927,28.1604014880993,0.244140625,2.0910850811414,0.457763671875,2.30351985996794,0.091552734375,0.213623046875,3.96728515625
P041_week_34,0.732421875,128.186347025383,34.1573441208655,0.995908153942557,0.3662109375,14.1361148065546,0.244140625,5.44434206255223,0.457763671875,3.2586067467991,0.091552734375,0.213623046875,3.96728515625
P042_week_18,0.732421875,14.719351015466,9.5287189603138,0.30517578125,1.5638600658954,25.9479853536979,3.14537714843398,2.57567601365258,1.35146284064217,7.298784651952,1.78388906604272,0.213623046875,3.96728515625
P042_week_24,0.732421875,99.482295798352,14.0360937191224,1.56312979763063,0.3662109375,68.5817362442,11.312744190323,5.99248233014618,2.11175547525751,2.9676970770569,2.81550256418553,0.213623046875,13.3840304262173
P042_week_34,0.732421875,6.21060751237078,3.40581659158403,0.30517578125,0.3662109375,12.7773547495599,1.49994231330137,3.50588784002257,2.06561172158957,11.7788789584681,1.0459642620275,0.213623046875,3.96728515625
P043_week_18,0.732421875,5.1426864007052,2.32978376815782,1.42297218535435,0.3662109375,1718.33465961801,24.2102405632478,1.85670412015194,4.57949281426828,1.17803284335108,0.091552734375,0.535864803056926,11.4517930110458
P043_week_24,2.12966839778829,11.1494361709011,5.72992762127019,0.936303470044885,0.3662109375,2500,36.0392949546565,6.85977958045029,6.14382437885262,5.90374107427098,3.99117042677357,1.8803173281239,8.24096126737943
P043_week_34,0.732421875,4.17923717813382,3.89437954342865,0.30517578125,0.791964145342515,1713.91674460994,3.95038540169976,0.925136586939349,1.47822002505159,1.65625858011572,0.091552734375,0.557631826262016,10.0135760590164
P044_week_18,3.74282324701121,91.1391505654143,14.2327702112702,7.29263679593504,1.39308824888688,162.869390752609,83.0357271983354,2.65120964851887,5.50478512706107,18.1493654621177,1.18823879043983,2.92762425896515,24.8818930266932
P044_week_24,6.63166500598539,85.8652856091209,21.2107947625491,1.01376635649339,3.7963856686933,583.437190947776,227.037802244539,9.52080204041256,5.55909132566444,10.0267810097567,1.22210864715194,5.48989582122216,19.8638615374889
P044_week_34,7.46756151777141,410.248744468835,27.0919904008363,7.68292572892489,1.39358481956927,598.856671694816,420.774363000263,5.29546461714866,2.15040809103677,3.42035182921158,0.330593688807489,3.91743258135056,15.3169544996149
P045_week_18,10.3239730935484,164.111067960347,178.331619357579,0.30517578125,5.2317334980598,95.4942773744784,1.9418337552479,7.28472001581132,3.89893595315772,5.29311856175062,1.90461530408071,0.213623046875,3.96728515625
P045_week_24,0.732421875,18.4103950954239,10.697842410738,0.687149475063818,0.3662109375,32.6754247076,0.728677147820759,3.4996002705878,2.77394103208556,1.60612090304767,0.489300815894729,0.213623046875,3.96728515625
P045_week_34,0.732421875,3.28408383188106,1.9968072459542,0.717288307961784,1.11859963180192,88.7544597882342,5.2049272964447,1.57190144891107,0.457763671875,1.05854256284455,0.091552734375,0.213623046875,3.96728515625
P046_week_18,5.80231892632496,171.657261814401,13.0713077797217,0.30517578125,5.64294922341998,135.714224411607,4.61810836068329,5.43299444538131,4.7066249932391,36.8158898097558,19.7849839443239,1.65427783756144,46.9472692462558
P046_week_24,2.12966839778829,899.967365735555,43.2554925343993,0.936303470044885,0.3662109375,566.09515121546406,6.24061798926867,4.76400269152776,1.0976331985788499,3.97913424458804,0.091552734375,0.679391355739993,48.7846629475964
P046_week_34,1.49123901472991,4.61148561094934,3.24175140856736,5.63894268597051,1.63221125863137,2183.2880532466,5.56358920716196,3.61341935423702,0.457763671875,3.18584623299793,0.304980149915847,0.83798360933937,12.9400540436847
P047_week_18,3.16102051126223,13.1384692057228,4.84962948848721,0.30517578125,1.011489845857,80.8891422517337,1.98212496261145,3.96503689344035,1.50392754011605,0.30517578125,0.203997343036262,0.723975823252528,3.96728515625
P047_week_24,12.295419523036,66.0504360620489,21.2758461015535,6.2535241965096,1.29368107953973,4.44861380517327,0.244140625,5.2239987669942,4.90482273544845,12.2281293172768,3.4988730761407,0.213623046875,27.9265751731289
P047_week_34,3.81777142052829,49.5515819475419,8.30644491567553,2.87739659247773,1.39358481956927,60.4305024339844,4.07645371972982,2.23208841781952,0.958040224578595,0.30517578125,0.091552734375,0.213623046875,3.96728515625
P048_week_18,2.16274966498493,144.395460090658,35.9465419093959,6.93830410979541,3.23530081532621,587.371181799679,32.7908964002916,11.4522811189823,4.42294391891659,51.6742530928458,3.24035216799984,0.73050858956203,26.7907820330916
P048_week_24,6.6999514497745,1636.96280831862,128.884488628782,2.53865367958499,2.13254695154686,361.205031424014,52.3492813349564,36.7231702107883,33.094136891425,256.912102113793,25.6293241646229,7.35415106312641,226.628846408999
P048_week_34,7.58006918460883,6256.11952216075,305.943781480334,0.30517578125,1.85205020645759,94.6326526201312,1.41092338329658,5.02926553235553,3.05464729871682,11.5756973340071,0.930827081964103,0.486888625212903,3.96728515625
P049_week_18,0.732421875,1.52587890625,0.926328454076366,0.30517578125,0.3662109375,235.450274854661,12.0162782449088,0.152587890625,0.457763671875,0.30517578125,0.091552734375,0.213623046875,3.96728515625
P049_week_24,0.732421875,43.8252014424012,19.0581631571851,0.837990280803483,0.3662109375,29.5570537236446,2.9474719159479,2.91216446972549,0.457763671875,1.84184669515857,0.091552734375,0.213623046875,3.96728515625
P049_week_34,0.732421875,45.8262216642993,14.595281344257,2.94954402415771,0.3662109375,45.7268107530662,2.65611520209826,3.15783390743443,0.457763671875,1.84184669515857,0.091552734375,0.213623046875,3.96728515625
P050_week_18,3.8558924023966,1.52587890625,1.82926826278378,1.41758580884131,4.69626370332097,63.3742988433647,12.4897482085056,10.2335934167969,4.58845800541,4.66561761754514,1.14495213059867,0.213623046875,39.5533102942812
P050_week_24,0.732421875,1.52587890625,0.30517578125,0.30517578125,0.3662109375,3.6091019723477,0.244140625,0.152587890625,0.457763671875,0.30517578125,0.091552734375,0.213623046875,3.96728515625
P050_week_34,0.732421875,6.88533966989939,3.90622798069187,1.06987111551475,0.3662109375,11.6645386639949,0.535568774025033,1.05003438630083,0.457763671875,0.30517578125,0.091552734375,0.213623046875,3.96728515625
P051_week_18,3.30215959358954,208.322228706486,28.3514877768483,2.07711837478404,3.34092273952621,989.607292640649,11.6518658976759,7.07524354385554,10.6459698490571,28.4895440046275,7.1904314590062,0.213623046875,7.94303914906547
P051_week_24,2.86940016418868,107.32996733396,38.0073507383928,0.687149475063818,1.70723078550916,300.281605693843,0.609782135876365,2.9335053280278,1.13785412438112,4.25775000215324,0.913411740422148,0.213623046875,3.96728515625
P051_week_34,3.03509078327778,147.164101475082,20.6544708240597,1.41758580884131,2.86191662189618,736.024387381236,1.99940898232925,6.18162255373583,1.0343454972866,3.93297678536665,2.04132643583182,0.213623046875,16.0683477090796
P052_week_18,0.732421875,3.2893111832819,1.4765329589534,0.850447404681061,0.3662109375,54.9776437083434,3.68710357722874,4.42279562014292,0.457763671875,0.30517578125,0.091552734375,0.213623046875,3.96728515625
P052_week_24,0.732421875,19.2916115336064,4.82430885791311,1.77049062591305,0.3662109375,40.7961614126465,1.23190612976429,3.36431902068471,0.457763671875,0.30517578125,0.343266482515536,0.213623046875,3.96728515625
P052_week_34,0.732421875,7.77276829255908,1.46041776734283,0.30517578125,1.32607869605427,4.79983606761323,0.244140625,3.95872648466146,0.457763671875,2.25215366013478,0.091552734375,0.213623046875,3.96728515625
P053_week_18,0.732421875,43.7144546919924,38.071904653891,1.63094267129382,1.07125923055701,26.2833778211195,1.16453898259068,4.17955754971912,8.6600009857047,45.9410757548278,4.37175611417528,1.94933660159316,35.9964501067979
P053_week_24,5.80231892632496,64.1786712864951,51.5152854909143,0.30517578125,1.32607869605427,98.5597308021674,7.29950578542819,7.2033601865602,9.45946154880448,51.2947610277738,4.00613803473425,0.910575768621405,3.96728515625
P053_week_34,17.9550007330863,197.551919103141,56.7338610168888,10.6907302270309,29.1483401521228,152.909100962594,86.6816965140429,71.0010724900043,74.6318335534846,2500,81.1587266139955,65.9682124419592,990.571120666771
P054_week_18,2.72028173520128,7.84403595052109,2.19502716751395,0.30517578125,0.3662109375,592.031598952051,3.83821439221056,2.09084012905619,0.457763671875,1.60612090304767,0.091552734375,0.213623046875,7.94303914906547
P054_week_24,0.732421875,1.52587890625,0.30517578125,0.30517578125,0.3662109375,0.30517578125,0.244140625,0.152587890625,0.457763671875,0.30517578125,0.091552734375,0.213623046875,3.96728515625
P054_week_34,0.732421875,1.52587890625,0.30517578125,0.30517578125,0.3662109375,10.1000953484536,0.244140625,0.152587890625,0.457763671875,0.30517578125,0.091552734375,0.213623046875,3.96728515625
P055_week_18,5.31676619275163,80.190940784108,88.0579619247593,2.54516029785105,1.34294999749524,50.1572370485534,1.34174146977601,3.0764650253051,5.41444975794469,163.639245903152,16.7817380759948,1.05761405314728,63.3360029812763
P055_week_24,16.5517898498464,12500,327.513182182783,1.44597689529116,11.2792950151015,195.217630584679,21.4667276484369,14.2634428317729,9.36981257313507,4.65412727643083,0.091552734375,2.65209368474511,68.4487726283411
P055_week_34,0.732421875,78.3725187279621,29.424390209748,0.30517578125,0.3662109375,47.5574432097156,0.244140625,1.60866965284149,0.457763671875,1.60612090304767,0.091552734375,0.213623046875,3.96728515625
P056_week_18,0.732421875,8.86966427665332,4.62373030047588,0.30517578125,0.735591015766607,244.502754604853,9.85075881774373,5.46999296736876,3.59089650514499,0.30517578125,0.091552734375,0.213623046875,8.69706654788766
P056_week_24,0.732421875,12.7753757291303,1.65274532261103,1.77049062591305,0.3662109375,17.5434047290209,0.244140625,3.71837412760585,0.457763671875,0.30517578125,0.091552734375,0.213623046875,11.4213021262797
P056_week_34,2.08174712014687,46.7245009121495,7.21590296823736,4.1154004745964,5.64294922341998,14.9358315264156,0.640435096582895,6.06598519368824,1.78058100711497,3.94779719499329,0.091552734375,0.731977018202715,3.96728515625
P057_week_18,4.27493203534355,44.468504056707,20.8316739517009,0.30517578125,2.13254695154686,303.885298403105,57.3216799149519,4.61962249151299,1.79807048871037,2.13639652465204,0.350415428590583,0.516701347990696,3.96728515625
P057_week_24,0.732421875,82.9544525951425,28.2338704978509,0.30517578125,1.57169032165709,82.4763151315592,13.356552077039,33.9261242196215,28.5332391933477,17.4066620431806,31.366862206305,31.8896448097223,3.96728515625
P057_week_34,1.9692885359604,39.7629219653796,10.2663171534348,1.59148292706111,1.011489845857,356.114801194465,154.600889980165,2.42651358341755,3.68715626697221,0.30517578125,0.558433404351827,2.08060356630225,3.96728515625
P058_week_18,2.72448772688558,406.564060659552,93.4370803542568,0.837990280803483,0.3662109375,10.7076981675944,0.763864529470551,3.82681373590187,1.38931893382023,4.59868209501497,0.832868907356719,0.213623046875,9.9893591139591
P058_week_24,2.12966839778829,94.677287688838,27.4498561209949,0.30517578125,0.3662109375,11.7176466178908,0.244140625,0.152587890625,0.457763671875,2.46249467313981,0.091552734375,0.213623046875,33.1204336770302
P058_week_34,2.10722091346566,36.518728470773,14.4202101940845,1.53463853023766,0.3662109375,6.62755796371268,0.244140625,0.686492355787652,0.457763671875,0.30517578125,0.445303834299196,0.213623046875,3.96728515625
P059_week_18,4.63475852210304,484.83708334372,35.8830090842231,1.01376635649339,0.735591015766607,47.3631367697374,0.807090378150692,5.06094044856555,0.457763671875,3.02137785162587,0.436873802372763,0.213623046875,12.3403127636645
P059_week_24,1.71020118806676,116.255911894627,34.0117866777075,0.30517578125,1.24762276323032,5.99558904087041,0.244140625,2.24400136800585,0.457763671875,3.13411490648557,0.683706237332489,0.213623046875,3.96728515625
P059_week_34,1.75428578365064,105.681474900426,28.703975635359,0.30517578125,0.3662109375,4.47954077299445,0.728677147820759,1.60866965284149,0.457763671875,6.74506190953902,0.913411740422148,0.213623046875,3.96728515625
P060_week_18,0.732421875,1.52587890625,1.31055986090142,0.30517578125,0.3662109375,286.189342522044,9.83306513140732,0.152587890625,0.457763671875,0.30517578125,0.091552734375,0.213623046875,3.96728515625
P060_week_24,0.732421875,36.3691597145699,12.4683393607756,4.77720703808264,2.09166576222814,175.356313114494,5.46585146274498,4.23074950939404,3.48534617288134,3.18584623299793,1.35010190499822,0.213623046875,3.96728515625
P060_week_34,0.732421875,19.6325239396768,1.53336379071619,0.30517578125,0.3662109375,796.695738920288,42.6732960673561,4.49754615281962,0.457763671875,0.30517578125,0.091552734375,0.761202986509444,23.6830866108982
P061_week_18,8.95100818624727,1634.5352387994,455.639425878523,4.59798141591844,5.3416885675673,297.291970288041,16.9020838957333,9.16619162338786,5.56930911889859,270.954933531327,28.6634758352293,0.73050858956203,3.96728515625
P061_week_24,1.74888931227664,170.243787145889,94.5325179851103,1.77049062591305,0.3662109375,65.1944854848092,3.53982391677058,3.71837412760585,4.77482101107699,6.02347840753854,1.16242739453309,0.213623046875,3.96728515625
P061_week_34,0.732421875,48.2417290083575,11.56332309784,1.77049062591305,0.3662109375,929.528809071537,23.7468763454644,4.33205541759292,0.457763671875,2.96000802603877,1.74013251451704,0.213623046875,11.4213021262797
P062_week_18,2.15207146355504,76.5330583270226,71.0795313913422,0.30517578125,2.11542496846769,147.302292616749,102.931875559886,53.2673350130737,54.8754269903063,59.8164838016515,18.8079482942544,9.32628728753808,31.3278579511417
P062_week_24,3.62637706902007,63.2244495068695,52.0366748755833,1.41352423224828,2.72656562217454,102.819227493495,37.9674501165821,21.249731382807,14.2126854792494,83.3350114141756,47.8056877600401,2.81894526908039,46.502212176823
P062_week_34,0.732421875,4.21684053436594,2.3852607919082,0.30517578125,0.3662109375,7.38163744276415,2.12854461159377,4.84201222000179,1.96986176527802,2.2514776160789,0.407201244932827,0.213623046875,18.0012447435774
P063_week_18,8.02846766926437,48.6583170626198,48.540187770962,3.21124213524465,1.83529832253266,198.087193097291,7.14690152711382,3.55667129058952,14.5260359585445,139.982159203532,750,2.13345894862973,3.96728515625
P063_week_24,0.732421875,95.343902491115,38.2351974880783,0.30517578125,0.3662109375,79.8151263562996,0.244140625,1.73351102724764,1.85513118696142,3.2586067467991,0.299191178226228,0.213623046875,15.3145212360212
P063_week_34,1.68818248465756,64.1086114893138,22.5417146179611,0.30517578125,0.3662109375,90.7613932918718,0.244140625,5.42162153346159,1.07438562785931,2.13639652465204,0.693155689258295,0.213623046875,3.96728515625
P064_week_18,0.732421875,3.94472772393385,9.53261788597147,0.30517578125,0.3662109375,7.74500538596744,0.931668892172842,1.3297756543614,1.45746871374654,11.1437520621247,13.1906803609312,0.664003781692535,12.9400540436847
P064_week_24,0.732421875,14.8118595071914,9.28324047763709,0.850447404681061,0.3662109375,30.5617409953382,3.66781396681057,5.24141736594285,3.12795263779444,6.47015734845238,7.96962896940383,0.213623046875,3.96728515625
P064_week_34,1.63183368599187,21.4609641716929,12.961841235831,0.850447404681061,1.40230425918485,19.3125496554355,6.27797228275578,7.02802490937844,18.9402358196288,31.0284111368635,13.6615303717354,0.968730087093738,13.3840304262173
P065_week_18,1.48746235166062,74.3787920001849,18.8353244824816,0.30517578125,0.3662109375,3.80948573262054,0.244140625,1.89696151901402,0.457763671875,0.30517578125,0.091552734375,0.213623046875,3.96728515625
P065_week_24,1.48746235166062,1.52587890625,0.70644599768775,1.07468159301956,0.3662109375,11.9117579749597,0.244140625,4.19104782123897,0.457763671875,0.30517578125,0.091552734375,0.213623046875,3.96728515625
P065_week_34,0.732421875,1.52587890625,0.30517578125,1.77049062591305,0.3662109375,40.6042059097805,0.244140625,3.71837412760585,0.457763671875,0.30517578125,0.091552734375,0.213623046875,3.96728515625
P066_week_18,0.732421875,7.70058628700964,12.552969682721,0.30517578125,0.3662109375,9.44210931526339,0.244140625,0.152587890625,0.457763671875,2.29181863972465,0.091552734375,0.213623046875,3.96728515625
P066_week_24,0.732421875,1.52587890625,1.84715146782762,0.30517578125,0.3662109375,2.26760778201072,0.244140625,0.152587890625,0.457763671875,0.30517578125,0.091552734375,0.213623046875,3.96728515625
P066_week_34,2.4186241210752,15.5616475456117,7.43396617929077,4.54014932716024,0.3662109375,7.8114527382736,0.244140625,0.152587890625,0.457763671875,0.788214897658398,0.091552734375,0.213623046875,19.3487927381915
P067_week_18,61.1504895277787,12500,2500,40.8451539821014,43.6301068033298,543.506686168644,52.3350370993197,11.0194188730811,8.58341751785578,32.5657483199938,5.17835425208628,18.8645790535673,93.6999398835837
P067_week_24,2.21484112705316,42.9009475930045,10.6916936556789,0.30517578125,1.18101590299003,9.79619813155757,6.69167650073374,13.8638489981296,15.7834805154528,27.5487095232192,6.46803432582337,4.76172542489727,93.4802584678323
P067_week_34,16.2554640578558,12309.821243687,137.270954939698,3.27796437903696,5.57273515238866,123.30076488738,8.17781374823838,7.84344340085709,8.27126733366163,7.89021945785347,0.55278157621583,5.24417841090499,12.3403127636645
P068_week_18,0.732421875,1.52587890625,2.04299640264871,0.30517578125,1.57169032165709,485.926421757566,14.2484536446536,7.19511246175956,1.03816546482782,1.5061179142485,0.091552734375,0.457015957384929,3.96728515625
P068_week_24,0.732421875,4.00258317546883,6.14759867153037,4.59798141591844,1.47560831640828,1715.10336984963,42.3715363944774,12.0203871494615,10.4482352859417,2.17890094236561,2.28098971232582,6.65026262686576,3.96728515625
P068_week_34,3.15960073243282,1324.83811344049,233.552082750663,1.77049062591305,5.75508806572897,681.649015823936,3.64114052563248,2.96262653052079,0.457763671875,2.96000802603877,0.091552734375,0.213623046875,3.96728515625
P069_week_18,5.74583814377182,176.2896351502,45.1309820439989,1.01376635649339,3.7963856686933,274.433318245768,11.7734527761581,8.73372349121962,1.28672091279365,16.8920368103933,8.72545321487922,0.691946117326021,3.96728515625
P069_week_24,0.732421875,77.939851277655407,35.5612724823001,0.850447404681061,1.40230425918485,166.694644113153,1.0294951890111,5.04397516284303,1.15058525308498,6.87989828479293,3.86356566968704,0.213623046875,3.96728515625
P069_week_34,2.12966839778829,37.2393821272906,6.63658882542692,0.30517578125,0.3662109375,37.9596390666053,3.71784579325949,8.0640942775946,0.457763671875,5.90374107427098,13.4760363512805,0.849748371262344,3.96728515625
P070_week_18,0.732421875,3.60373705016957,6.91486421327138,0.30517578125,0.3662109375,0.817666741511706,0.244140625,0.152587890625,0.457763671875,7.84326967207164,0.091552734375,0.213623046875,3.96728515625
P070_week_24,0.732421875,5.26683330181624,4.72134906045821,0.30517578125,0.3662109375,7.61653649767501,0.244140625,1.09477264270807,1.75285216984371,27.5544145050778,0.381772831664727,0.213623046875,8.05523426685743
P070_week_34,0.732421875,69.4959808561719,8.69278427871889,0.30517578125,0.946909581420934,18.9809044892907,0.244140625,4.22652796422623,0.457763671875,6.37823934909204,0.188698343664707,0.213623046875,3.96728515625
P071_week_18,14.6353602300424,131.155918301452,28.4027284125809,4.1154004745964,10.731526710343,31.6331850913684,4.61810836068329,8.45900828044801,4.7066249932391,4.60550325519594,4.59920147359477,0.731977018202715,3.96728515625
P071_week_24,3.74282324701121,11.2388809872631,6.05120502245214,12.6271739714233,1.63221125863137,127.405964456854,189.989677428696,16.6117223906902,18.6948303096678,12.2405957090176,2.68292482399566,5.53916143419726,42.5192659377044
P071_week_34,2.50139905316869,57.2156301306748,13.5264235038623,20.8989141789158,3.59478581310493,113.754070857918,591.772831183517,44.1818306003064,29.0451520641679,31.2688817192638,30.9253021929333,9.30192916461748,12.9400540436847
P072_week_18,5.31676619275163,102.89283992579,43.9054923970626,1.63094267129382,3.66287128487204,144.194170781458,1.58489580670672,2.7747639020018,2.26248651860135,7.7755880332080896,0.215800752816273,0.213623046875,16.660521384414
P072_week_24,2.97991150838883,28.0058168779086,21.0258082093225,4.13995304180451,1.39358481956927,99.6198649518608,9.25659883668169,2.75945353881182,4.78599473778088,17.7189884888267,1.50685322854843,0.213623046875,3.96728515625
P072_week_34,6.80519847355996,258.889106595494,74.304878389691,1.61362088077277,1.86884630033506,103.702508377266,1.7727742207107,7.59938663908081,11.000963394638,8.77807342685533,0.720378036266057,0.213623046875,3.96728515625
P073_week_18,7.58006918460883,492.260580741062,56.0053247633869,1.59148292706111,0.3662109375,113.451144641372,7.83255879302566,5.79920299801744,1.71233860985918,2.13639652465204,0.28776976566969,0.213623046875,3.96728515625
P073_week_24,0.732421875,38.3643412807921,7.82347281162302,1.94313694194564,0.3662109375,21.0498625519545,0.244140625,3.93553481809529,0.457763671875,0.30517578125,0.091552734375,0.213623046875,3.96728515625
P073_week_34,0.732421875,60.3589576560716,59.9202417776857,1.53463853023766,0.3662109375,21.231276945082602,0.244140625,1.11331226862774,0.457763671875,0.30517578125,0.091552734375,0.213623046875,3.96728515625
P074_week_18,45.6788932407588,1311.4756665936,691.764307492518,42.7763692065327,4.70655561182469,1374.3960352995,314.478438644839,139.041025556156,40.2047426220147,4.25775000215324,17.248976613957,10.238598190512,64.6470628941393
P074_week_24,49.2618863067428,702.476642146031,745.745871371978,0.30517578125,0.3662109375,79.8571383613284,7.80154572756457,17.4977306567843,8.92744048157989,3.25595380711518,20.8808969504197,0.213623046875,8.24096126737943
P074_week_34,15.2742177816437,595.089319730462,887.436896961658,3.27796437903696,6.43211841014556,278.497040660429,252.166518830902,29.8927110846838,15.7420259202186,3.50976774292319,3.15630887598324,1.87551288994425,19.8638615374889
P075_week_18,2.60367179626417,34.5242438312352,6.31469603178378,0.30517578125,0.3662109375,10.1124487316851,0.244140625,5.46999296736876,0.457763671875,1.4169916189455,0.091552734375,0.213623046875,3.96728515625
P075_week_24,0.732421875,73.8901954965708,7.3494495184697,0.30517578125,1.33947553115917,24.5284367109144,0.54635628649297,1.15755321079815,0.990960532682405,1.05854256284455,0.091552734375,0.213623046875,12.9000907482372
P075_week_34,0.732421875,14.6793194545225,14.6791316318528,0.30517578125,0.3662109375,15.9582276818453,0.659681020984358,0.643023875562785,0.457763671875,3.01780418159829,0.785154960277992,0.213623046875,3.96728515625
P076_week_18,0.732421875,47.2104278315962,8.20305818989895,0.30517578125,0.3662109375,328.18856546822,13.0565302425203,9.10309387965123,6.28995745545148,13.2064994263119,0.34869173174504,0.213623046875,33.1204336770302
P076_week_24,0.732421875,21.24422205597,3.73418566703442,0.687149475063818,0.3662109375,97.7851013383104,0.580087276866831,2.73398704253341,1.39125096970645,1.60612090304767,0.091552734375,0.213623046875,3.96728515625
P076_week_34,16.8749443854511,990.9357534794,151.027032283984,7.7558717919518,1.87262512010614,171.428015609966,8.09986258434555,5.48283444865303,11.8350579665093,1.65625858011572,0.483160465600454,0.611370135054947,25.6082431387167
P077_week_18,3.78723266568498,214.814135255733,69.005905645179,1.59148292706111,1.57169032165709,50.4912065028742,3.247614602759,1.78510118226995,0.457763671875,2.13639652465204,0.091552734375,0.213623046875,3.96728515625
P077_week_24,18.9020379808329,1769.95889997577,605.858399074753,2.56163194064181,0.3662109375,192.797656030464,9.94787492557719,8.91512128029337,19.2083842594666,10.2896214111457,11.0383787993559,0.213623046875,9.08165920518229
P077_week_34,12.4816480045338,929.730338884383,460.323653713568,1.77049062591305,0.3662109375,33.7554032060892,1.27903909741372,1.87922468595302,3.10204827205148,4.90339996267039,5.42885652863785,0.213623046875,3.96728515625
P078_week_18,3.45109560361882,10.0869164345408,5.90186888713321,4.77720703808264,2.09166576222814,28.8911050388724,6.11311897979407,3.39092597095832,3.82006069325948,7.3339753164152,7.38010964422995,1.98395947410215,3.96728515625
P078_week_24,0.732421875,1.52587890625,2.863242551121,1.06987111551475,0.3662109375,198.792370995172,6.45017344901376,2.52780524482754,3.76613934908517,1.60612090304767,0.913411740422148,1.2620493981507,7.94303914906547
P078_week_34,0.732421875,1.52587890625,2.45078395469959,2.87739659247773,0.3662109375,91.9989415996992,21.3809005808608,3.58415477542067,1.33833893797519,1.49598857459345,1.11297722010891,2.51820758935899,9.77114870723057
P079_week_18,4.23618783918313,81.9159508188698,21.3734645616144,0.936303470044885,5.2317334980598,56.0605761703011,38.6172417209772,11.1441916547779,19.0474200901054,6.77741129102519,1.22106921375998,0.213623046875,3.96728515625
P079_week_24,19.353314422081,216.71436767721,89.9176359821529,5.18677084062791,12.8850940140807,99.1867541220517,104.28263861216,16.1746904196516,20.1266940456519,116.331165401219,27.1108130014312,1.91508144932557,63.1007863481823
P079_week_34,23.5055354686774,673.637422562743,291.814266389356,8.97282881754592,40.4747264693802,119.554060080345,219.050944077089,108.001235134833,167.670029684317,516.520026469241,131.59121490149,54.1469143503067,471.234226621197
P080_week_18,3.15028651302632,117.087630754001,85.2752331297329,0.995908153942557,1.29368107953973,46.1592415620834,0.244140625,0.152587890625,0.457763671875,3.2586067467991,0.461555138105296,0.213623046875,23.6830866108982
P080_week_24,0.732421875,19.6691225199497,2.22956774233213,0.30517578125,0.3662109375,14.2789133202693,0.244140625,2.98637794622622,0.457763671875,0.30517578125,0.091552734375,0.213623046875,3.96728515625
P080_week_34,2.51146413736025,27.9195069978795,34.080395873544,1.59148292706111,2.13254695154686,12.7074794172008,0.244140625,0.152587890625,0.963882282215237,10.3180466558382,0.454557627466568,0.213623046875,3.96728515625
P081_week_18,4.8504397461569,10.4709324764541,5.49272698179443,3.53736291567205,0.3662109375,48.9314603008497,19.1428997367628,20.9410226086039,14.793761834079,262.213454427176,17.1739866973839,3.97099520922319,3.96728515625
P081_week_24,2.40402280208173,64.2034893840652,25.7196394337366,0.30517578125,0.3662109375,119.377450561302,0.244140625,0.152587890625,1.04908527758077,10.8936164538147,3.02099305674689,0.213623046875,3.96728515625
P081_week_34,1.82970739656988,46.3382427833947,5.08815078156888,0.30517578125,0.3662109375,179.752079279711,6.6186224271284,3.24570804405159,1.59479943523312,3.86901951353832,0.091552734375,0.213623046875,3.96728515625
P082_week_18,0.732421875,96.8079923254073,10.5791089582276,2.94954402415771,0.3662109375,49.3700593245091,0.871454328883608,3.39092597095832,2.45285557268882,1.84184669515857,0.575248978991083,0.213623046875,3.96728515625
P082_week_24,0.732421875,26.8319631204492,6.02519133940333,0.30517578125,0.3662109375,26.7782584615048,0.244140625,1.89499743513718,0.457763671875,2.02606738586401,0.31588140272918,0.213623046875,3.96728515625
P082_week_34,0.732421875,55.8293832795356,10.3922219150826,0.30517578125,0.3662109375,76.530956523427,0.722453575728067,2.36901902577298,0.457763671875,0.30517578125,1.5316885660437,0.213623046875,3.96728515625
P083_week_18,2.21790389382893,12500,184.821442127931,1.58392160428371,0.3662109375,808.805568295052,12.6012273532872,1.37281771726326,5.95811980141714,3.01780418159829,0.295523916935157,17.0531646844025,3.96728515625
P083_week_24,42.932261476176,12500,2500,90.1523452026023,48.3499402810252,732.347570168998,706.692919968617,10.2587660909602,15.2249496562436,37.9189602862496,2.15942166657822,36.0372965746859,26.3284936479107
P083_week_34,10.6104823635916,12500,881.132434400966,7.48749967178371,6.63759188768191,320.945011335607,28.4939626495115,19.5311454341365,26.6237174778072,10.8936164538147,2.47763359977216,9.5609845940192,23.6830866108982
P084_week_18,0.732421875,14.7319208942579,6.62278453049357,3.28253775390582,0.3662109375,171.257894298334,35.2736890420253,9.87808064548453,6.0619729355493,20.6236536343894,1.37234166052936,5.49993624991628,26.7907820330916
P084_week_24,3.9401291904807,792.819203108142,151.526707848715,1.52194279692344,2.09885483890598,288.697310313736,2.30529451412716,3.8836858408706,0.457763671875,2.13334857253377,0.206536129500178,1.30385295274862,3.96728515625
P084_week_34,0.732421875,179.492687760256,54.4104050999494,1.77049062591305,0.3662109375,86.808661120205,1.11462328083122,2.96262653052079,5.99474856370697,6.02347840753854,0.554536841003759,0.213623046875,9.08165920518229
P085_week_18,9.53472682548668,136.828416629127,109.607933523497,3.381167676721,1.34294999749524,8.16447809047281,18.3750332621553,7.22461468641116,22.2303500846067,111.527074935455,8.57623176535559,6.58870285034594,50.4561418972257
P085_week_24,0.732421875,1.52587890625,1.11097129324328,0.30517578125,0.3662109375,55.0971190015566,4.58703785007076,1.31741132203871,0.457763671875,13.7521412123475,0.853255058463474,1.06178476046878,3.96728515625
P085_week_34,2.21484112705316,10.741131606718,6.12593439611363,8.42888956299373,2.04478850027418,28.7929610255598,17.0078523258353,12.199531274379,4.31806236591304,48.9490473490694,0.682352104751027,1.55560588206665,52.0229452664669
P086_week_18,0.732421875,50.6015252206059,7.97300891401798,0.30517578125,2.11542496846769,9.14256458679749,0.244140625,4.20448257980616,0.457763671875,0.30517578125,0.298567716509772,0.213623046875,3.96728515625
P086_week_24,1.48746235166062,113.291687780147,26.8431302138269,0.30517578125,0.3662109375,31.7280404497211,5.63629127857095,2.82145108362831,3.27947673139979,7.41518830332101,0.36891840883405,0.213623046875,3.96728515625
P086_week_34,1.64634128661752,89.9611442531187,17.1657589610141,0.30517578125,0.3662109375,19.0171636715992,0.244140625,1.89696151901402,0.457763671875,4.69227655806884,0.091552734375,0.213623046875,10.8078886096037
P087_week_18,0.732421875,86.8303850915535,33.4978473893812,1.59148292706111,0.3662109375,10.7206872809185,0.244140625,4.18932672710708,0.457763671875,3.09431173484746,0.091552734375,0.213623046875,3.96728515625
P087_week_24,2.10722091346566,326.032035341737,39.8556888863197,2.87739659247773,0.3662109375,17.0157150060421,0.244140625,2.0910850811414,0.457763671875,0.30517578125,0.091552734375,0.213623046875,3.96728515625
P087_week_34,0.732421875,164.936367595648,54.6252195847155,0.30517578125,0.3662109375,15.2457550497884,0.244140625,1.94545710569871,0.457763671875,0.30517578125,0.091552734375,0.213623046875,3.96728515625
P088_week_18,1.67806797595365,60.7812436025358,18.8382151014143,0.30517578125,0.735591015766607,16.9840212593901,0.244140625,5.06094044856555,1.16740614702589,1.4169916189455,0.909302976813623,0.213623046875,3.96728515625
P088_week_24,2.21484112705316,6.73497484254708,3.74541250480473,0.30517578125,0.3662109375,144.251453658673,2.46983283743311,3.99118632668532,2.65371022372674,0.30517578125,0.091552734375,0.750038813499665,3.96728515625
P088_week_34,0.732421875,5.33762057641569,6.0611864200664,0.88329223141267,1.70723078550916,208.856038486208,82.3759296412156,6.32510915586856,8.35969761406135,1.60612090304767,7.08826382070621,3.33838811799689,36.6140644790936
P089_week_18,7.8530681737696,159.656672075571,14.0780822415469,6.19415145854203,15.8904503461972,110.889701972551,15.2156245714343,10.8237002142537,5.13870559339422,27.7139933441883,6.92395975696045,3.60190044492412,63.1007863481823
P089_week_24,5.80231892632496,48.6116313091956,7.14004100710002,2.94734868552752,12.8850940140807,19.2829238806341,5.20731569415839,7.2033601865602,3.107439113513,80.7668347793022,3.74402470867276,2.16350141666092,78.5991504847739
P089_week_34,0.732421875,5.32656684979688,3.87258132848718,0.30517578125,0.3662109375,22.0182382440427,1.87335373223229,1.37848930509169,0.457763671875,4.73137340536342,2.2338284949148,0.213623046875,3.96728515625
P090_week_18,0.732421875,28.1145227147007,2.57422469668419,0.30517578125,0.3662109375,51.453202045366,1.73480254857303,4.31766537141581,0.457763671875,0.788214897658398,0.091552734375,0.213623046875,3.96728515625
P090_week_24,0.732421875,112.160382790762,19.6735378964955,0.936303470044885,5.2317334980598,157.415006956694,15.7699220198842,7.48762101066732,2.30515291320694,2.46249467313981,0.42824037570256,0.213623046875,33.1204336770302
P090_week_34,0.732421875,37.940464289642,17.1793826379686,0.30517578125,0.3662109375,15.8361284091006,0.497230856623878,0.152587890625,0.457763671875,0.30517578125,0.21818530808263,0.213623046875,3.96728515625
P091_week_18,1.56716065625524,19.8118691623862,8.62255905618731,1.07468159301956,0.3662109375,62.3022447924059,2.65101636472862,0.152587890625,0.457763671875,16.0730763902075,2.06328670620734,0.213623046875,15.6157465904131
P091_week_24,0.732421875,65.5752884418434,20.0046530268479,0.30517578125,0.3662109375,445.773047203918,3.90648829068643,2.39335506463887,1.61980220484377,4.69227655806884,0.694515203066778,0.213623046875,3.96728515625
P091_week_34,0.732421875,48.0609391743881,8.67269038631547,1.52194279692344,0.3662109375,262.515981187617,2.06310095080727,3.20508362418733,0.457763671875,3.00961810240461,0.531601925308765,0.213623046875,10.8078886096037
P092_week_18,2.08174712014687,78.9518967313247,5.82682072199695,0.755177925360165,1.32607869605427,16.0999540485875,2.07451421221885,6.06598519368824,1.12585941102011,3.94779719499329,0.091552734375,0.213623046875,3.96728515625
P092_week_24,0.732421875,64.1786712864951,9.29405423042309,0.30517578125,1.32607869605427,4.30755844671448,0.779255200715341,1.83389362399454,0.457763671875,6.26545470041157,0.091552734375,0.213623046875,3.96728515625
P092_week_34,0.732421875,1.52587890625,0.30517578125,1.63094267129382,0.3662109375,2.4024723210069,0.244140625,0.152587890625,0.457763671875,1.65625858011572,0.091552734375,0.213623046875,3.96728515625
P093_week_18,4.15770700701484,145.824447937553,173.98756773892,1.46787925848162,0.3662109375,114.748591379396,0.244140625,8.37073808441232,8.31430002136496,14.0486194171088,0.091552734375,0.213623046875,3.96728515625
P093_week_24,5.65484441495819,12500,381.380018309595,0.30517578125,0.3662109375,200.112360503694,2.38307004647849,1.31741132203871,4.64832696671908,4.84542554965605,0.091552734375,2.12080829401615,3.96728515625
P093_week_34,0.732421875,23.63312389692,61.0750630291983,0.717288307961784,1.11859963180192,96.9354116931083,0.244140625,3.40571019633577,0.457763671875,5.76081423618014,0.091552734375,0.213623046875,3.96728515625
P094_week_18,3.71932632207795,639.457138991787,73.9573650712149,0.30517578125,1.18101590299003,130.580343664024,18.5063422136392,6.26239365552482,1.45189739536793,4.84542554965605,0.185263896463845,0.532009524295486,3.96728515625
P094_week_24,7.14900331449312,2295.07841170833,311.592040001844,0.30517578125,1.86884630033506,36.0776298904143,19.0810541630645,10.0612658467979,4.57182241609795,99.2813140147953,16.1988232838771,0.472192076652647,12.3403127636645
P094_week_34,1.67806797595365,69.284818973499,86.6824675678093,0.30517578125,0.3662109375,29.4483183086722,12.214077006594,6.9388872786823,3.19484175086736,15.3591545227553,5.9459403833054,0.213623046875,3.96728515625
P095_week_18,0.732421875,1.52587890625,1.88399425532874,0.30517578125,0.3662109375,45.6041203842385,4.83122138730349,0.152587890625,0.457763671875,1.49598857459345,0.091552734375,0.213623046875,3.96728515625
P095_week_24,0.732421875,9.00870619409509,9.23515585178574,1.53463853023766,0.3662109375,42.0300207184337,0.244140625,0.152587890625,0.457763671875,1.49598857459345,0.091552734375,0.213623046875,3.96728515625
P095_week_34,1.75428578365064,97.2022636550401,15.3767943834333,1.06987111551475,1.70723078550916,51.7470960016821,12.486485063347,9.96067363760531,29.8540014874178,7.05466510330156,1.49827136682391,1.64049583509582,7.94303914906547
P096_week_18,0.732421875,101.981241995551,89.081035138231,0.30517578125,0.735591015766607,22.0597984265118,0.244140625,0.152587890625,0.457763671875,2.41156258384855,0.091552734375,0.213623046875,3.96728515625
P096_week_24,0.732421875,14.70313867955,2.83399989981613,0.30517578125,0.3662109375,42.5102972765878,0.678382219473537,1.08299823144806,0.457763671875,0.710030402459245,0.091552734375,0.720371078750536,3.96728515625
P096_week_34,0.732421875,11.486258899897,2.17526266759539,0.837990280803483,0.3662109375,201.353572145216,1.66432268169298,2.37108121677429,0.457763671875,1.84184669515857,0.091552734375,0.612638469972034,3.96728515625
P097_week_18,0.732421875,382.658769218261,149.599167247661,0.30517578125,0.3662109375,109.891802899933,0.683781534467927,0.152587890625,0.457763671875,1.90828310571581,0.42220798517094,0.213623046875,3.96728515625
P097_week_24,5.55426657300709,3013.72402121827,303.117404893561,2.87739659247773,1.39358481956927,56.586451351641,0.942296915499142,1.47268446996903,0.457763671875,1.49598857459345,0.091552734375,0.213623046875,9.77114870723057
P097_week_34,3.03509078327778,995.777190721923,90.0005573608424,0.30517578125,0.735591015766607,30.3557532490247,0.965687034952264,4.59961530792738,2.14182036135408,4.66561761754514,0.855913901410551,0.213623046875,3.96728515625
P098_week_18,13.98545704997,653.333162321287,2500,0.30517578125,1.32607869605427,21.2990188704308,1.14952258243964,3.95872648466146,0.457763671875,0.30517578125,0.492922119943205,0.213623046875,3.96728515625
P098_week_24,2.50139905316869,136.543276024215,49.7540771581228,2.94954402415771,0.3662109375,14.4637546207832,1.6912751239007,4.6096172625557,1.07837935491838,7.62491133652269,3.63677039611697,0.213623046875,3.96728515625
P098_week_34,2.26910439900586,314.457255614379,79.9070757614002,2.94954402415771,0.3662109375,32.5369881336085,1.39082853514363,4.6096172625557,0.457763671875,3.18584623299793,0.499827137821889,0.213623046875,3.96728515625
P099_week_18,2.84418232141167,8.50120705764612,11.2037697269538,0.30517578125,0.3662109375,47.5578289964953,2.52822908447814,2.23785857013106,2.82124005272589,4.67869247800264,0.787966170198404,2.19601024131811,3.96728515625
P099_week_24,13.98545704997,372.478694427444,22.2982974664176,16.2139871497147,22.3206151470876,1607.01846761473,191.251858386513,19.4339868592139,10.4343314449549,309.041729322308,5.0229602802896,12.5522741301819,353.512939614058
P099_week_34,0.732421875,19.1781718668567,3.74974872818626,0.30517578125,0.3662109375,75.3916713916387,11.6371569389188,5.37128296486274,0.457763671875,6.20009895990291,0.31588140272918,1.16698551632913,3.96728515625
P100_week_18,2.13017954533345,7.40884836137065,5.57242636568429,0.30517578125,1.11859963180192,281.510964562633,15.9003240232236,4.37236215296963,2.45970952963499,1.82283168942126,0.091552734375,1.27852215906793,24.0307278096439
P100_week_24,0.732421875,39.0538347488358,44.1586143547759,0.30517578125,3.7963856686933,6.23818424633819,0.244140625,6.18162255373583,0.457763671875,15.7029670991149,2.30621742204583,0.213623046875,27.6157109021363
P100_week_34,5.0118626663923,101.913465944546,32.693006887935,2.18512597863457,3.7963856686933,16.8200114970005,0.637017117994064,8.52233615016707,0.457763671875,5.88729192694543,0.815580609841289,0.213623046875,19.8638615374889
P101_week_18,1.53753267144518,18.7613942291799,3.80050086660187,4.59798141591844,0.3662109375,225.885838085619,12.1363946460392,5.55254919835108,0.457763671875,26.1766772905382,1.56134376867148,0.531710109637535,11.4213021262797
P101_week_24,2.56708220224785,532.537642327133,99.5922488241195,3.28253775390582,1.47560831640828,7.55822475241098,0.790994895624729,6.878079520719,1.87612356736772,5.19301560981973,0.406181931142696,0.996340969644028,3.96728515625
P101_week_34,0.732421875,1158.18409173229,65.4238804686261,0.30517578125,0.3662109375,41.6252820457236,0.244140625,4.40731102181163,1.11004450274408,1.5061179142485,0.091552734375,0.213623046875,3.96728515625
P102_week_18,6.36461152242057,275.993634654711,69.3530850202024,2.53865367958499,0.3662109375,68.1814647434619,2.65223877273624,6.86077153669956,2.17579044103396,11.9202796867232,0.329548559275458,0.213623046875,3.96728515625
P102_week_24,5.79845887834522,366.399528243289,98.0760982172002,2.53865367958499,2.69388320303373,91.4523912085267,5.25575274298447,13.6997603961658,19.9176326239343,151.020308255284,2.06010637946346,0.812176874266649,46.0988634779468
P102_week_34,3.68080036137858,455.999701107382,60.880324113984,0.30517578125,1.29368107953973,74.5076145831095,10.6568208931043,8.0786485028609,7.79369717069696,14.4533820206391,0.7790760589912,0.213623046875,15.3145212360212
P103_week_18,0.732421875,266.405756241825,25.3571715105118,1.06987111551475,2.57816422067556,124.525605025599,5.36952503274973,4.19687834664277,1.13785412438112,2.29181863972465,1.54780609130017,0.213623046875,3.96728515625
P103_week_24,22.5063312505081,2469.63463836168,280.059917432363,2.94734868552752,15.8904503461972,470.701815245293,212.144415773914,14.0242477339311,9.69669981072478,48.1037492341998,20.2389199631646,3.07571602151485,93.6999398835837
P103_week_34,27.7591239566039,12500,2500,8.07854884252542,29.1483401521228,1987.8108115774,1819.77580008055,23.7819856361711,30.7137795459847,8.92457923456546,4.7726375805073,12.477455525435,86.1889740161349
P104_week_18,0.732421875,167.370023919888,6.31647349011706,2.87739659247773,1.05317779983799,16.0328317735974,8.13806886832498,2.88384577137012,3.8248366851441302,8.28805616902856,7.34196888357966,0.213623046875,3.96728515625
P104_week_24,1.53753267144518,543.59770377023,29.8543362220329,2.56163194064181,4.08688989781103,1147.37348237005,225.967766685896,9.16619162338786,0.457763671875,6.55061374593831,0.629392635361792,8.27733153351015,21.4566578284383
P104_week_34,1.48746235166062,270.351425883186,17.688500842994902,6.74479024324363,3.73130898169184,672.52784367292,1168.14551664903,15.7821036601497,6.05707009295341,3.9221156681786,59.7856033893983,15.1244281413968,28.0797837882087
P105_week_18,3.59231577286194,1059.26330244498,150.22167635257,1.21890681264489,2.82205156161835,170.143066524014,14.8283733848542,33.3637721256193,47.9996288109917,153.773040289562,26.47704044009,44.1189485886085,13.3840304262173
P105_week_24,0.732421875,129.744364113351,29.8210460353791,0.30517578125,0.3662109375,10.3344382812781,0.244140625,0.152587890625,1.56021789189368,0.30517578125,0.091552734375,0.213623046875,3.96728515625
P105_week_34,14.9003700644431,12500,787.789891585875,7.48749967178371,18.8715740228187,430.562765775325,62.2521840473967,8.65697192420586,9.67667401324501,11.4379878023274,0.501692741183889,2.9364417091154,15.3145212360212
P106_week_18,24.8947458686024,1218.33351201655,177.684319992418,49.2276869918575,10.6830152706548,265.531916032438,1097.38203350629,54.7398035080116,16.3419050170032,5.29311856175062,18.5696375325179,54.3945147574172,270.514451058944
P106_week_24,8.53785997644245,153.114319202509,131.086657647657,0.936303470044885,5.2317334980598,32.0215987798489,10.5516743808873,6.40477495337208,0.457763671875,1.54808586668931,1.53761379647456,0.213623046875,3.96728515625
P106_week_34,12.6290733693514,131.345927320223,19.9286177630636,30.2971269683416,14.911990466408101,360.150205375087,1349.51817226796,53.3915087488307,12.5760028404711,2.25215366013478,1.21432014464239,15.9813769660473,38.4640153092687
P107_week_18,0.732421875,1.52587890625,1.859482926152,0.30517578125,0.3662109375,716.891787725183,15.2017507749578,4.05840028005988,2.44697402693378,1.54808586668931,0.091552734375,0.213623046875,3.96728515625
P107_week_24,2.3292804049478,133.549863666865,19.5676903530679,1.46787925848162,1.51619864478713,661.792409720045,141.147979281304,7.11350267428794,5.88656508959817,0.30517578125,0.091552734375,2.52734131251387,32.1184335816798
P107_week_34,3.1245429395057,46.5786822641338,27.3958295680605,0.30517578125,1.51619864478713,312.180061738799,32.0030236900669,3.1433999055914,0.457763671875,3.92699726692366,0.385522543908252,0.213623046875,3.96728515625
P108_week_18,2.12966839778829,29.6432728207669,4.16134048569331,0.30517578125,0.3662109375,4.11138796118782,0.244140625,0.152587890625,2.0676276241503,0.30517578125,0.091552734375,0.213623046875,3.96728515625
P108_week_24,3.27920144777567,336.13233281835,57.450070791121,3.76529423982479,11.8979620092368,41.9422423099035,2.19293365481281,0.152587890625,3.57934291068519,3.33336819318711,0.324051055312918,1.78290821472115,3.96728515625
P108_week_34,6.80519847355996,409.788457592177,42.9069783564795,2.55555632462358,3.33450310843395,55.5200629056558,1.99940898232925,7.84344340085709,8.07994316806231,46.5470725385247,1.01489001297708,0.213623046875,19.8638615374889
P109_week_18,4.23618783918313,52.1301396640429,33.8666722323413,3.81022843908388,5.2317334980598,12.2902625507526,68.5077077117889,18.6379856983016,8.66147350403049,9.18401863642374,3.0334360952042,3.13480071620814,8.24096126737943
P109_week_24,9.17740441408655,671.372657370549,242.866726679685,32.6175702477196,3.29042021567873,25.6454507853843,555.674750249571,100.378065477988,22.2778576144169,9.82717795513467,7.8232617981883,11.4819399468175,26.2080267328226
P109_week_34,32.5262995031144,952.554691428553,319.999498202712,15.4202771684442,10.5768181697659,15.9993688935196,82.2028450041418,56.3876499926831,42.5472461749981,49.8673768139262,33.7025587672963,7.65388710359896,349.976328909186
P110_week_18,4.70795791199178,1506.88185657711,345.972359843633,0.850447404681061,4.22206997347441,87.6480282193329,17.8435115655865,27.0444118042146,75.4739571178579,316.705444043554,34.4760181880163,6.14242910100347,56.6781607222732
P110_week_24,5.16806461631053,420.339111971783,132.718919042284,1.46787925848162,0.3662109375,66.4538984005416,12.6929563271802,8.63180518664999,8.3724140926472,32.2506820318764,5.22492001948984,1.66133386757641,17.5883700657253
P110_week_34,1.80327068505113,61.7064866674265,16.8703890907158,0.30517578125,1.25763122424829,252.418584614311,7.97066755962484,1.27202616471272,0.457763671875,17.6348964098427,5.99803971747652,0.213623046875,19.0151762960492
P111_week_18,0.732421875,77.7781070653511,6.11148205872369,0.30517578125,0.3662109375,28.4851892852617,0.244140625,3.18391693809142,0.457763671875,1.54808586668931,0.091552734375,0.213623046875,3.96728515625
P111_week_24,2.21790389382893,14.7994892974527,5.57242636568429,0.30517578125,0.901789016669967,13.3349787511091,2.00912121439522,6.96438838094319,19.2810923831214,4.48354799336169,3.31799515943233,1.21672827798561,3.96728515625
P111_week_34,9.72882658925737,12500,2500,0.850447404681061,0.3662109375,185.005221871566,3.14937763395474,2.99237483023351,3.41554830653821,2.2514776160789,0.091552734375,0.213623046875,3.96728515625
P112_week_18,1.65220523355681,527.074416762655,210.220418953275,0.30517578125,0.3662109375,62.8308074394086,0.962842939829526,1.11331226862774,0.457763671875,4.46807168813873,0.94303089898233,0.213623046875,15.3169544996149
P112_week_24,0.732421875,73.1319881864225,22.790661581071,1.07000623160419,1.011489845857,39.6863429661166,2.80110442447434,4.40731102181163,2.73790540693717,4.5447796370503,1.3837334458141901,0.54645780885013,3.96728515625
P112_week_34,3.91016649352973,153.320309117079,32.5972334348107,2.53865367958499,2.13254695154686,177.54617005012,7.41141705901142,5.79920299801744,1.0013454922032,10.3180466558382,0.091552734375,6.06684083464685,3.96728515625
P113_week_18,2.40402280208173,1.52587890625,3.23464880716794,0.30517578125,0.3662109375,29.8327530996091,11.2490103164745,3.6189622223833,0.457763671875,0.30517578125,0.091552734375,0.213623046875,3.96728515625
P113_week_24,38.2646443120397,12500,2500,9.46035962074373,18.5689461047818,387.179264783816,199.499809518277,10.7685789542172,9.74584723074275,12.1923748685774,1.52433568699097,2.2188535595651,17.5883700657253
P113_week_34,3.51511686776541,4.22278733916343,8.36290500740589,0.30517578125,1.51619864478713,158.010487044408,286.810970107068,9.38298510283031,11.2370541842362,0.30517578125,0.091552734375,0.532704246986396,3.96728515625
P114_week_18,0.732421875,111.378814605887,29.3869444773134,6.47597007918712,0.3662109375,29.8646328418334,0.244140625,2.91216446972549,2.57467325005905,1.84184669515857,0.297359500866173,0.213623046875,3.96728515625
P114_week_24,1.75428578365064,119.000157846598,20.2887417673988,0.30517578125,3.69818747777464,35.5424865445759,0.244140625,4.19687834664277,2.91403533421243,2.8628763054182,0.700686215184914,0.213623046875,3.96728515625
P114_week_34,7.21680349997354,143.946543760633,37.2003524025918,2.2194845801611,1.39358481956927,56.7787617897694,29.5737922481003,109.041376394014,208.235287739696,886.516016743132,253.259355239107,47.7965183885301,15.3169544996149
P115_week_18,2.10711127474796,36.1668068006468,9.92703375844132,2.53865367958499,1.29149178049092,1623.34476404114,7.2132260856423,6.51739046727123,0.457763671875,2.13639652465204,0.203997343036262,0.213623046875,3.96728515625
P115_week_24,1.54448819072273,23.563083585576,6.8368978230268604,3.41186141429581,0.3662109375,316.86285355795,4.83441234442351,4.18932672710708,0.457763671875,3.09431173484746,1.18840075982069,0.54645780885013,42.7222818811187
P115_week_34,0.732421875,3.74169998117967,3.13517351759883,0.30517578125,0.3662109375,438.819193114788,23.5162626522105,2.48790576257421,0.457763671875,1.23796449239931,0.091552734375,0.213623046875,18.8612567656841
P116_week_18,0.732421875,11.0697211278559,4.22041956034448,0.30517578125,0.3662109375,12.0570453577199,0.244140625,0.715400317348158,0.457763671875,0.30517578125,0.091552734375,0.213623046875,14.6866906904865
P116_week_24,11.9176748696879,685.601840480105,40.481214666823,5.18677084062791,12.8850940140807,137.366510330903,10.9274003868249,9.58811961448262,8.64862029666113,6.26545470041157,3.37644924043729,1.3768371109709,63.1007863481823
P116_week_34,0.732421875,26.9338585113695,7.7461182866862,0.30517578125,0.3662109375,77.4507155904445,2.57738801621789,3.49062397997293,0.457763671875,2.24058776946069,0.091552734375,0.883508010107494,3.96728515625
P117_week_18,3.54407723500572,316.470224732196,237.933444296086,1.63094267129382,0.3662109375,23.3308837544916,1.41171927992812,0.152587890625,0.457763671875,1.65625858011572,0.091552734375,0.213623046875,10.0135760590164
P117_week_24,0.732421875,9.33661452310064,4.43284613850333,0.30517578125,0.3662109375,7.73475743798358,0.244140625,0.152587890625,0.457763671875,3.34874770471645,0.091552734375,0.213623046875,3.96728515625
P117_week_34,0.732421875,4.15179911769397,2.25636444939827,0.30517578125,0.3662109375,3.85376879580223,0.244140625,4.6283080775782,0.457763671875,0.788214897658398,0.091552734375,0.213623046875,3.96728515625
P118_week_18,3.36565046311775,111.266293717213,36.4029835110417,18.8902921116674,8.65422939106265,339.319151167187,6.32329637778138,10.0084777082453,4.52347355847327,8.02934609002475,3.44525374951302,8.28293722111324,154.111855786202
P118_week_24,0.732421875,11.5725631940841,8.39882463717201,4.54014932716024,1.18101590299003,193.302442259557,0.992220182340822,4.6283080775782,0.457763671875,0.788214897658398,0.091552734375,0.213623046875,3.96728515625
P118_week_34,2.63666270131032,36.5208134641163,8.81737693845913,1.63094267129382,1.34294999749524,494.630646270022,1.68779902672835,2.34928080414534,0.457763671875,1.65625858011572,0.091552734375,0.504451633065714,3.96728515625
P119_week_18,11.3736544667481,68.6589038716879,31.0246219201571,10.4075725644354,1.14478955745466,457.076395445112,801.885120212758,342.162536986474,190.081844246507,628.594638821799,83.7669259618421,60.4028107865504,197.358742086034
P119_week_24,15.457295003228401,2128.24005154529,101.264687013259,3.61098621917494,11.2792950151015,1649.46244205343,152.125892192667,9.42288218664061,6.62902965353857,88.6849191495009,16.774473413644,4.9109276036708,107.592954852045
P119_week_34,2.21484112705316,6.95613039246509,4.57335536541864,6.79631622814087,2.85785514028764,314.6157084314,56.7063814857659,2.4356354936353,2.33594922507805,4.84542554965605,0.45789738262301,1.06178476046878,3.96728515625
P120_week_18,2.26910439900586,12.7087393192429,4.97229225487229,2.94954402415771,0.3662109375,14.253245144253,0.668903388467425,2.65120964851887,1.49046903167234,0.30517578125,0.408180719920264,0.213623046875,3.96728515625
P120_week_24,1.65220523355681,21.723910116862,15.8508287668362,0.30517578125,0.3662109375,0.758985512051103,0.607749575984136,2.0910850811414,0.457763671875,7.68030141416149,1.03994425673747,0.213623046875,3.96728515625
P120_week_34,5.32289689049341,55.8210739530837,187.955708039357,1.52194279692344,0.3662109375,6.5013880310566,0.556980860793102,2.15601765794757,0.457763671875,19.9699422823008,4.94647802058704,0.213623046875,3.96728515625
P121_week_18,0.732421875,10.7412188710578,7.05695589108739,4.59798141591844,3.66285038968162,12.4938625462421,0.905693164282872,5.76269891018344,1.94954684952364,17.213433034133,5.10002583730194,0.213623046875,13.837107504930101
P121_week_24,2.11208739511617,17.1796368953704,17.3348317186859,1.52194279692344,1.83529832253266,31.099487033567,5.8845415233803,5.7658164024573,6.59224444926876,67.2827153354855,10.5529020118955,0.5724277687578,20.766585381034
P121_week_34,2.11208739511617,23.0283200829449,13.5062136784323,1.52194279692344,0.3662109375,250.748212837164,287.968040199711,11.0698300888085,6.78450695641243,14.5402336389353,22.1671136377199,4.04413994304211,10.8078886096037
P122_week_18,1.75428578365064,72.934015010429,31.5546701794208,1.06987111551475,0.3662109375,151.968496786952,22.2774522931078,16.8083541822948,36.3524059781635,12.1987515503328,1.32347106647421,1.66380341150759,14.6866906904865
P122_week_24,2.09260595030506,40.1224249665353,17.5781939349146,1.75698996147465,0.3662109375,120.859037968035,1.14598823417659,8.04501164204229,11.2887038797117,23.0150991677652,3.59991497107331,0.562298586713253,7.94303914906547
P122_week_34,11.1798544865149,172.823774702426,14.4948890433349,2.94734868552752,5.64294922341998,153.922812809042,1.97969583499038,7.72394591429997,3.42100998061592,0.30517578125,0.492922119943205,0.731977018202715,3.96728515625
P123_week_18,1.64634128661752,77.582570084313,30.2000316774171,0.30517578125,0.3662109375,33.8682612349451,0.244140625,0.152587890625,0.457763671875,0.30517578125,0.091552734375,0.213623046875,3.96728515625
P123_week_24,0.732421875,6.56764102873723,0.30517578125,0.30517578125,0.3662109375,13.1774701279393,0.244140625,2.61405277241834,0.457763671875,1.76119437837537,0.091552734375,0.213623046875,3.96728515625
P123_week_34,0.732421875,65.7987528926248,20.6454941194842,0.30517578125,0.3662109375,8.97409444012243,0.244140625,4.48220669170737,0.457763671875,0.30517578125,0.091552734375,0.213623046875,10.8078886096037
P124_week_18,6.8383582733274,564.551037046325,57.7981299893947,20.8777042368204,1.74220508428623,644.596135426316,266.049374820232,2.63236539921034,0.457763671875,31.7021934740734,0.750985012597185,6.4640514216535,15.3169544996149
P124_week_24,5.66494822979154,195.823120105819,16.5687994150067,14.773772290342,1.14478955745466,517.885953836186,15.3361919610992,2.37108121677429,0.457763671875,3.70388580777426,0.091552734375,1.50581236053159,3.96728515625
P124_week_34,1.77155371863557,12500,1161.86579931048,3.81746791750406,67.8698835348165,1094.69414049055,268.283890135586,3.65947714252568,2.36689516663251,26.4428621790143,1.77370956278758,2.60162019747085,35.2387753783517
P125_week_18,0.732421875,4.84930139374181,2.88653267632111,0.30517578125,0.3662109375,19.8492633459713,0.244140625,0.152587890625,0.457763671875,1.38326720924518,0.091552734375,0.213623046875,3.96728515625
P125_week_24,2.12966839778829,23.1860967953575,14.1979903239958,0.30517578125,0.3662109375,64.8639513785141,0.244140625,1.89499743513718,0.457763671875,1.54808586668931,0.091552734375,0.213623046875,3.96728515625
P125_week_34,0.732421875,1.52587890625,2.44953541549855,2.51798459712608,0.3662109375,155.90365284711,0.526572389788144,4.6283080775782,0.457763671875,6.04850882488221,0.091552734375,2.48589055717908,3.96728515625
P126_week_18,0.732421875,4.48804625090597,2.16255117067943,0.850447404681061,0.3662109375,66.0862965489204,12.2224783817766,1.76134504645132,0.457763671875,0.30517578125,2.96875218642392,0.213623046875,8.62019530469789
P126_week_24,3.15322457372927,244.612076181747,123.242985961045,1.52194279692344,1.83529832253266,65.0739368263166,13.5993650344149,5.99698839828028,3.37550098203602,17.2925063273671,3.11810943722198,0.462208237885684,13.9717731790913
P126_week_34,5.66642233589485,1150.44003526723,399.269471384284,1.0154070820991,1.10597302606592,57.1334075341397,136.934223257033,18.8329168856758,18.7987157241307,44.0553588753083,8.95068857693317,1.41241683773427,24.6920476535839
P127_week_18,0.732421875,165.125341151522,37.6202159539076,0.927880006516387,2.29510957581587,106.67084440103,29.5624032502047,4.47547892726696,0.457763671875,7.48075513887566,1.41368582252218,0.661415995007596,32.0427677637486
P127_week_24,17.9726428533279,1246.17553329553,401.0221823373,17.0039005293469,2.74706274291719,45.9751654735376,28.364176796872002,35.9689917833604,14.6768778754667,11.9679741707554,7.4651355224211,26.8987397552279,15.3145212360212
P127_week_34,4.24980063329262,754.897171804288,43.2130324230173,1.01376635649339,3.7963856686933,239.895698194185,4.82754367897589,6.49881657421672,0.457763671875,3.02137785162587,0.091552734375,1.49710947271102,23.7156200756064
P128_week_18,0.732421875,1.52587890625,2.53256825568677,0.30517578125,0.3662109375,31.4135883146481,0.641465717091054,1.45687870430357,0.457763671875,3.16105370025452,0.091552734375,0.213623046875,10.8967599983937
P128_week_24,0.732421875,1.52587890625,0.757304501549047,0.30517578125,0.3662109375,6.65322979608362,0.244140625,0.913781969137854,0.457763671875,0.30517578125,0.091552734375,0.213623046875,3.96728515625
P128_week_34,7.01781866035167,577.11447644221,52.9542803743892,16.656789204759,10.6672136071156,148.186798793316,62.5851480846557,14.2287547514346,10.3931526185259,72.9786186574061,3.57192986365564,2.15705783210731,107.921449843498
P129_week_18,2.56708220224785,261.975283664382,30.5111168271468,6.93830410979541,2.36733291258885,194.138020655807,115.761538287645,19.5620352408803,68.4797126027656,33.104896964862,1.9422131687422,1.99814290554861,3.96728515625
P129_week_24,14.3191614763308,642.574405997254,113.741797671462,0.30517578125,1.57169032165709,72.3983661287561,1.70899155564288,0.152587890625,2.64426241038793,33.0554703674078,18.9252458684883,0.213623046875,28.5812545990605
P129_week_34,3.12743201592159,121.735876925718,111.860809580915,0.30517578125,0.3662109375,21.6012899205033,0.244140625,0.152587890625,0.457763671875,8.41097577997727,0.728697910279035,0.213623046875,3.96728515625
P130_week_18,3.71932632207795,37.780095174645,12.7478483010514,12.0803064430153,2.04478850027418,86.7878310495125,70.4083256443718,17.5977103606962,6.71040959056542,0.788214897658398,0.481055698642706,4.72043698269976,12.0765672661068
P130_week_24,0.732421875,4.58146902278428,4.1050944465258,0.30517578125,1.24762276323032,35.870252738188,28.0008073590014,8.04927697088891,2.27443595302856,1.9814729211703,0.802944011194863,3.31763850116994,8.05523426685743
P130_week_34,0.732421875,1.52587890625,0.716254716997299,0.30517578125,0.3662109375,13.2661675957771,3.89527052237747,5.33319007418541,0.457763671875,0.30517578125,0.091552734375,0.465585648348518,11.4213021262797
P131_week_18,0.732421875,1.52587890625,1.06213372990774,0.30517578125,0.3662109375,10.6216540385631,0.244140625,0.566497809158668,0.457763671875,0.710030402459245,0.091552734375,0.213623046875,21.4910996390775
P131_week_24,0.732421875,5.42225453113539,12.0254627492983,0.30517578125,5.2317334980598,142.900281760334,11.4912526878006,5.37128296486274,1.2775469017967,2.46249467313981,0.623454643779352,2.5279417826545,48.7846629475964
P131_week_34,2.0255678190245,106.333408954105,40.038415673165,7.29263679593504,3.80169473361937,582.311987306739,213.796044062326,7.17734876719676,9.25986159931874,86.8185440571717,6.51229158956766,7.37939501154255,38.8103336147745
P132_week_18,3.15322457372927,220.046860012096,86.2427216000537,1.52194279692344,0.3662109375,176.018267624106,44.2766709974888,5.52740410049156,14.200912503889,4.320198019946,1.58610189081792,0.760829748062694,10.8078886096037
P132_week_24,0.732421875,6.58553374650967,3.36555189919149,0.30517578125,0.3662109375,28.5218395277355,3.72296850415647,1.37848930509169,2.97221296836223,1.9814729211703,0.091552734375,0.213623046875,3.96728515625
P132_week_34,6.6999514497745,353.329339029104,70.7221507062049,2.07709091692249,1.57169032165709,166.002037769049,19.3293530901652,2.71425908927497,14.8134254831117,3.86901951353832,3.51785474997802,0.213623046875,3.96728515625
P133_week_18,1.80327068505113,58.225797138941,15.7024095362233,1.07468159301956,0.3662109375,12.4186905788114,0.244140625,3.20508362418733,0.457763671875,0.30517578125,0.091552734375,0.213623046875,10.8078886096037
P133_week_24,0.732421875,40.7879999850967,28.4859858176714,0.30517578125,0.3662109375,8.54188627752895,0.244140625,0.152587890625,0.457763671875,1.23796449239931,0.091552734375,0.213623046875,3.96728515625
P133_week_34,0.732421875,1.52587890625,0.30517578125,0.30517578125,0.3662109375,0.30517578125,0.244140625,0.152587890625,0.457763671875,1.23796449239931,0.091552734375,0.213623046875,3.96728515625
P134_week_18,0.732421875,8.40460119221203,2.81222715549078,0.30517578125,0.3662109375,479.943245929752,0.722453575728067,1.47268446996903,0.457763671875,0.30517578125,0.091552734375,0.213623046875,3.96728515625
P134_week_24,0.732421875,9.49429137085673,1.81555385980848,0.30517578125,0.3662109375,96.154741842515,1.31153908225553,3.96503689344035,0.457763671875,2.13639652465204,0.091552734375,0.213623046875,3.96728515625
P134_week_34,0.732421875,4.77521399698539,0.949241409400021,0.30517578125,0.3662109375,12.530127147106,0.244140625,1.41317524194323,0.457763671875,0.30517578125,0.091552734375,0.213623046875,3.96728515625
P135_week_18,7.38663551875146,444.328894489084,210.607203217675,4.54014932716024,1.18101590299003,69.5345905470868,4.99216101461521,7.20607425788074,4.05033138587702,29.8898390246268,1.65503057221594,0.532009524295486,64.2136117610306
P135_week_24,6.24963082588183,387.148971988287,137.294106147342,8.42888956299373,1.62122231232747,225.394564281488,4.53277982802289,10.3655652880093,9.59437416730448,36.1562181325207,3.40261050943526,2.84366319351726,26.2618851294356
P135_week_34,18.5554110019421,12500,2500,4.17047700889677,21.6294004601113,1426.28474545851,26.4155634037457,1.63925893660667,6.21732308458639,24.7182459778426,1.31143970750816,2.38303556606742,53.1231174107447
P136_week_18,4.98533982700112,82.4324216357227,52.2011841492597,4.92742975351935,0.791964145342515,33.8933514747897,1.09255757888736,2.00760181281458,0.967600772471459,17.3875549123683,0.94012791176608,0.213623046875,21.4910996390775
P136_week_24,3.54396285813476,305.219643854548,74.9119501124792,2.51798459712608,0.3662109375,45.2893234801699,0.244140625,2.4356354936353,8.94721262327662,18.0800072930621,0.789883231787829,0.213623046875,3.96728515625
P136_week_34,12.183164627838,27.7445349278352,26.1944249142593,4.54014932716024,4.76868568176884,80.0095272221207,35.4172131092911,38.6298259832486,53.4123946820436,350.197974062108,132.571270378138,12.0747619709201,3.96728515625
P137_week_18,0.732421875,8.75266975951413,2.98506935683507,4.77720703808264,0.883066840175227,1494.86327563664,22.0745436546949,3.39092597095832,1.45746871374654,2.58797685222358,0.242726204710715,1.25938138926299,3.96728515625
P137_week_24,2.50139905316869,20.9787948327245,5.02406306183524,3.88428185613607,1.63221125863137,1366.23230492731,27.9063480646813,4.03227903523093,0.457763671875,8.7217816871691,0.948428525945355,0.664003781692535,12.9400540436847
P137_week_34,3.64442448149431,18.537848585151,7.44789422574979,0.30517578125,1.51619864478713,221.28675903261,14.3911461778514,5.66910233173095,4.27268085664569,26.1984557838102,61.2307575148226,2.2188535595651,43.7474547092839
P138_week_18,2.26428870032723,10.2612501599189,7.48800197665077,0.30517578125,0.3662109375,9.48841889291493,0.244140625,1.60772780042442,0.457763671875,2.45523644354096,0.250785308227439,0.213623046875,3.96728515625
P138_week_24,5.48633739446558,52.8407822344503,64.0374270037803,0.30517578125,0.3662109375,13.3472168294082,2.65981342945454,11.6114582420706,10.774327210059,54.2794481791114,100.29731005624,0.213623046875,15.3145212360212
P138_week_34,2.51146413736025,55.4200694673113,16.4654403092529,0.30517578125,0.3662109375,13.9333147136116,0.244140625,4.18932672710708,0.457763671875,3.09431173484746,0.972087032817888,0.213623046875,3.96728515625
P139_week_18,0.732421875,23.3919762385238,12.7225415203293,0.30517578125,0.3662109375,4.31222080554677,0.244140625,0.152587890625,0.457763671875,0.30517578125,0.091552734375,0.213623046875,3.96728515625
P139_week_24,2.46677846333137,110.198556128228,6.82666937765566,5.80485461842401,2.36733291258885,641.364330306651,84.8910862514563,23.2572138353388,46.5410366672041,32.532607020584,4.02628558053162,3.81248776941481,16.3195077495489
P139_week_34,50.3004454801403,12500,882.384120818573,16.3063196523256,1.39358481956927,149.68865258422,642.114779781977,30.2186177264351,84.0744105152467,30.2926570461142,31.6608492269103,1.97430702416378,9.77114870723057
P140_week_18,0.732421875,52.5913029852623,20.6188729700846,0.850447404681061,0.3662109375,119.73564693178,0.571924939391695,5.62412360197255,5.725115318584,12.4024343577606,0.728697910279035,0.213623046875,3.96728515625
P140_week_24,0.732421875,1.52587890625,1.12137786011609,0.30517578125,0.3662109375,113.911504363506,0.244140625,0.152587890625,0.457763671875,0.30517578125,0.206536129500178,0.213623046875,3.96728515625
P140_week_34,1.80327068505113,5.48109950522172,6.54292411712945,0.30517578125,0.3662109375,68.3909317926757,2.00887130782407,5.02543635271994,6.88357867998945,7.14822330481854,0.354142370969753,1.15318664470754,3.96728515625
P141_week_18,0.732421875,118.164277042286,25.6763177231433,0.652224828275105,0.3662109375,38.0296897434841,11.3540034761702,10.2607895853283,19.2585800562973,14.4985888969445,7.03504642848144,0.764885918300473,3.96728515625
P141_week_24,2.30494306037626,4.00994615927245,5.545429749171,2.33965923521833,2.02158318532202,1199.97193877593,261.542622115972,6.60158810995787,3.5006651866288,3.01780418159829,0.446715963130513,1.93035899591856,86.2372210297968
P141_week_34,1.63183368599187,71.0132397703058,6.11178159007769,2.20620874560062,2.46941590272578,268.44741697684,232.509026171546,13.2191178155506,4.56422008170387,29.3303333123241,10.7566418269714,1.27363025024634,60.7943515804896
P142_week_18,5.21320667822322,328.38879619714,19.7791325490861,0.30517578125,5.64294922341998,31.0588371302855,1.03186061527409,4.73907847473121,1.91214491186187,2.25215366013478,0.295828827496596,0.213623046875,3.96728515625
P142_week_24,0.732421875,12.8883636377724,12.7145268366235,0.30517578125,0.3662109375,25.5534308194319,0.244140625,0.152587890625,0.457763671875,1.38326720924518,0.091552734375,0.213623046875,3.96728515625
P142_week_34,2.76434612752971,57.3552605172889,11.3240691159534,1.46814650242289,0.944952194216693,51.8439269743892,0.244140625,0.152587890625,0.457763671875,1.38326720924518,0.091552734375,0.213623046875,3.96728515625
P143_week_18,2.4186241210752,57.7306151663851,15.8431200929537,0.30517578125,0.3662109375,17.6056042274266,0.244140625,4.6283080775782,0.457763671875,3.34874770471645,0.091552734375,0.213623046875,3.96728515625
P143_week_24,0.732421875,6.34509200562821,2.33693429604805,0.632028885727095,0.3662109375,2.89458306421195,0.244140625,0.152587890625,0.457763671875,2.48224937067771,0.091552734375,0.213623046875,8.05523426685743
P143_week_34,2.16274966498493,10.0753529563128,2.72638057832605,0.30517578125,0.3662109375,4.37736473751093,0.244140625,4.86135284239663,0.457763671875,3.65749140255529,0.091552734375,0.213623046875,3.96728515625
P144_week_18,0.732421875,12.6718516656591,23.6827661337819,0.30517578125,0.3662109375,65.6151188668984,0.244140625,1.37281771726326,0.457763671875,21.3178843246607,0.091552734375,0.213623046875,10.1350025730395
P144_week_24,4.63050495333697,280.501760833926,31.8596946927064,7.68292572892489,1.39358481956927,564.848740201708,5.17464010756642,5.01437944189536,1.99366505456152,6.4348334058309,0.42220798517094,0.213623046875,3.96728515625
P144_week_34,2.5850485430715,100.158949690716,25.8136051910155,2.44200792912841,2.29510957581587,655.52845588116,11.0051264734821,3.21224904766472,5.90097151708514,31.7449050762639,0.537932721228611,0.510374223520513,8.05523426685743
P145_week_18,0.732421875,1.52587890625,0.944805225227757,0.30517578125,0.3662109375,78.1649758113342,6.02161220765651,0.152587890625,0.457763671875,1.9814729211703,0.091552734375,0.213623046875,3.96728515625
P145_week_24,0.732421875,1.52587890625,0.696057901550783,0.30517578125,0.3662109375,140.443476385893,1.33868831597531,1.31741132203871,0.457763671875,0.30517578125,0.091552734375,0.213623046875,19.3487927381915
P145_week_34,1.55945530474977,1.52587890625,1.9852169270949,6.79631622814087,0.3662109375,508.193869627053,47.7557256117053,4.31766537141581,0.457763671875,0.788214897658398,0.091552734375,0.213623046875,26.2618851294356
P146_week_18,2.40402280208173,12.2205850523606,4.40080712974991,0.995908153942557,0.3662109375,108.737258383307,31.0140637218722,3.6189622223833,3.06036428658107,7.14565277871615,0.974304541822382,0.213623046875,19.4766553490294
P146_week_24,0.732421875,22.4295455968734,2.81663431313566,0.30517578125,0.3662109375,253.793740348781,150.952310879116,2.86738162874556,0.457763671875,0.30517578125,0.091552734375,0.213623046875,15.3145212360212
P146_week_34,0.732421875,3.3299727721147,3.17475185908921,1.77049062591305,0.3662109375,32.8142286733792,1.46873074854829,0.152587890625,0.457763671875,1.7378193365358101,0.091552734375,0.213623046875,9.08165920518229
P147_week_18,5.38198590208501,226.453167753194,25.742668195834305,1.80661534114234,4.69626370332097,26.1577392499157,7.18852701769969,20.0621667023565,32.1133332774951,77.3956710062592,10.0188933731022,11.3217564779653,35.5386588510172
P147_week_24,0.732421875,44.9119175960482,7.72830369381939,1.56312979763063,2.11542496846769,720.810178795132,173.80350431351,11.1693550461107,13.2686432153174,5.1453994483593,1.11955398743311,3.39149749968893,31.3278579511417
P147_week_34,2.12966839778829,1060.84652367214,56.4245173258228,0.30517578125,0.3662109375,68.7675241165802,8.17313920494182,7.48762101066732,12.6093891871822,10.1796161260233,0.091552734375,0.213623046875,8.24096126737943
P148_week_18,2.56487971150473,4.54630313318234,4.52966098679824,0.30517578125,0.3662109375,53.9349761727343,3.77647704990573,1.27202616471272,3.88213114681544,22.0607603026955,1.61589461890324,0.881543759967451,3.96728515625
P148_week_24,0.732421875,1.52587890625,1.52322707879594,0.717288307961784,0.3662109375,997.53549869146,13.1454093403438,1.57190144891107,0.457763671875,0.30517578125,0.091552734375,0.213623046875,3.96728515625
P148_week_34,3.14423842424264,3.14301400988458,6.32843634753832,0.30517578125,0.901789016669967,2500,88.3313805134171,5.44413477739963,4.31876279067509,1.82283168942126,1.6718187064279,1.15438544699451,18.4534706764287
P149_week_18,0.732421875,1.52587890625,2.79295146665561,0.30517578125,0.3662109375,3.43581350660401,0.244140625,0.152587890625,0.457763671875,0.30517578125,0.091552734375,0.213623046875,3.96728515625
P149_week_24,0.732421875,6.37513154315393,4.90333909519485,0.30517578125,0.3662109375,50.3953363888457,1.10691925166631,0.152587890625,0.457763671875,1.38326720924518,0.091552734375,0.213623046875,8.05523426685743
P149_week_34,0.732421875,5.09856927717386,8.19021417684496,0.30517578125,0.3662109375,3.12654692006105,0.244140625,0.152587890625,0.457763671875,0.710030402459245,0.091552734375,0.213623046875,3.96728515625
P150_week_18,1.92595336822404,176.369373483182,102.750373563272,0.30517578125,2.96898634797887,101.247498115221,0.244140625,0.519529358662074,0.457763671875,0.30517578125,0.091552734375,0.213623046875,17.7424950271999
P150_week_24,0.732421875,6.5554629655546,3.98201231031441,0.30517578125,0.3662109375,15.1092123276539,0.244140625,0.152587890625,0.457763671875,1.38326720924518,0.091552734375,0.213623046875,3.96728515625
P150_week_34,0.732421875,4.37348634308397,2.37850860518776,0.30517578125,0.3662109375,23.4686717387872,0.244140625,0.152587890625,0.457763671875,1.38326720924518,0.091552734375,0.213623046875,3.96728515625
P151_week_18,0.732421875,55.6856693731336,31.6970482807269,0.30517578125,0.3662109375,84.2539839600926,8.32975265285337,1.85670412015194,0.457763671875,28.8765622885177,0.790123550759003,0.213623046875,3.96728515625
P151_week_24,0.732421875,19.9893623771937,3.43689508268022,0.30517578125,0.3662109375,139.065116047513,14.1467424713629,4.05840028005988,0.457763671875,5.90374107427098,2.15532150635403,0.213623046875,41.3594039698207
P151_week_34,0.732421875,36.7600991264407,4.07508665281832,0.687149475063818,1.70723078550916,137.851221804354,4.82287517228154,1.05003438630083,0.457763671875,1.60612090304767,0.554621727630103,0.455599020179618,11.4517930110458
